Src IP,Dst IP,Protocol,Flow Duration,Tot Fwd Pkts,Tot Bwd Pkts,TotLen Fwd Pkts,TotLen Bwd Pkts,Fwd Pkt Len Max,Fwd Pkt Len Min,Fwd Pkt Len Mean,Fwd Pkt Len Std,Bwd Pkt Len Max,Bwd Pkt Len Min,Bwd Pkt Len Mean,Bwd Pkt Len Std,Flow Byts/s,Flow Pkts/s,Flow IAT Mean,Flow IAT Std,Flow IAT Max,Flow IAT Min,Fwd IAT Tot,Fwd IAT Mean,Fwd IAT Std,Fwd IAT Max,Fwd IAT Min,Bwd IAT Tot,Bwd IAT Mean,Bwd IAT Std,Bwd IAT Max,Bwd IAT Min,Fwd PSH Flags,Bwd PSH Flags,Fwd URG Flags,Bwd URG Flags,Fwd Header Len,Bwd Header Len,Fwd Pkts/s,Bwd Pkts/s,Pkt Len Min,Pkt Len Max,Pkt Len Mean,Pkt Len Std,Pkt Len Var,FIN Flag Cnt,SYN Flag Cnt,RST Flag Cnt,PSH Flag Cnt,ACK Flag Cnt,URG Flag Cnt,CWE Flag Count,ECE Flag Cnt,Down/Up Ratio,Pkt Size Avg,Fwd Seg Size Avg,Bwd Seg Size Avg,Fwd Byts/b Avg,Fwd Pkts/b Avg,Fwd Blk Rate Avg,Bwd Byts/b Avg,Bwd Pkts/b Avg,Bwd Blk Rate Avg,Subflow Fwd Pkts,Subflow Fwd Byts,Subflow Bwd Pkts,Subflow Bwd Byts,Init Fwd Win Byts,Init Bwd Win Byts,Fwd Act Data Pkts,Fwd Seg Size Min,Active Mean,Active Std,Active Max,Active Min,Idle Mean,Idle Std,Idle Max,Idle Min,Label
192.168.0.142,192.168.0.141,6,119974605,1183,1184,62764.0,52.0,156.0,52.0,53.05494505494513,7.933491973884241,52.0,0.0,0.0439189189189189,1.51121930366965,523.5774687484906,19.729175186698885,50707.77895181742,40965.60442411591,316284.0,6.0,119874340.0,101416.53130287638,23117.30151634075,316284.0,7992.0,119913229.0,101363.67624683,44761.48546185793,482105.0,6004.0,0,1,0,0,37856,37888,9.8604200447253,9.868755141973589,0.0,156.0,26.54898648648652,27.118029876605963,735.3875443884936,0,0,0,1,1,0,0,0,1.0,26.56020278833967,53.05494505494506,0.0439189189189189,0,0,0,0,0,0,1183,62764,1184,52,-1,586,1183,0,0.0,0.0,0.0,0.0,0.0,0.0,0.0,0.0,BENIGN
192.168.0.141,192.168.0.142,6,119993117,2989,2991,355470.0,102.0,816.0,102.0,118.92606222816998,70.30837758345592,102.0,0.0,0.0341023069207622,1.8650563814313328,2963.2699682265943,49.836191854237775,20069.09466465962,29006.46913924779,368894.0,-78.0,119973393.0,40151.73795180725,29693.744137824757,368946.0,0.0,119993117.0,40131.47725752519,29694.69206807364,368900.0,8.0,0,1,0,0,95648,95712,24.909762115772025,24.92642973846575,0.0,816.0,59.4673131583348,77.49739758250348,6005.846632060616,0,0,0,1,1,0,0,0,1.0,59.477257525083616,118.92606222816995,0.0341023069207622,0,0,0,0,0,0,2989,355470,2991,102,-1,5026,2989,0,0.0,0.0,0.0,0.0,0.0,0.0,0.0,0.0,BENIGN
192.168.0.141,192.168.0.142,6,119994733,3499,3184,469938.0,134.0,938.0,134.0,134.30637324949993,14.326020657853093,134.0,0.0,0.0420854271356784,2.3747520367779216,3917.438609576305,55.694111174029615,17957.906764441774,26559.70395371154,323830.0,-197.0,119968500.0,34296.312178387685,28129.954045897022,323911.0,0.0,119994733.0,37698.62802387686,27232.6358452906,323861.0,4.0,0,1,0,0,111968,102080,29.15961319735592,26.53449797667369,0.0,938.0,70.34799521244761,67.87803905105181,4607.4281854161145,0,0,0,1,1,0,0,0,0.0,70.35852162202603,134.30637324949987,0.0420854271356783,0,0,0,0,0,0,3499,469938,3184,134,-1,1700,3499,0,0.0,0.0,0.0,0.0,0.0,0.0,0.0,0.0,BENIGN
192.168.0.141,192.168.0.142,6,119993138,2986,2988,355470.0,102.0,816.0,102.0,119.04554588077688,70.73694825072585,102.0,0.0,0.0341365461847388,1.865992419824732,2963.2694496246945,49.78618027307528,20089.257994307696,29108.1000915085,368855.0,-54.0,119973394.0,40192.09179229479,29878.29758603552,368881.0,0.0,119993138.0,40171.79042517568,29884.73604895332,368892.0,8.0,0,1,0,0,95552,95616,24.88475632664928,24.901423946426004,0.0,816.0,59.527029288702856,77.73772721445496,6043.154232469011,0,0,0,1,1,0,0,0,1.0,59.53699363910278,119.04554588077696,0.0341365461847389,0,0,0,0,0,0,2986,355470,2988,102,-1,5049,2986,0,0.0,0.0,0.0,0.0,0.0,0.0,0.0,0.0,BENIGN
192.168.0.141,192.168.0.142,6,119984391,1387,1364,2273938.0,1905.0,1913.0,449.0,1639.4650324441243,514.4656953563241,1905.0,0.0,1.3966275659824037,51.58076689228733,18967.82557324477,22.92798235730513,43630.68763636376,55230.54986414341,326868.0,-110.0,119883518.0,86496.04473304485,48414.72967090722,326888.0,0.0,119984391.0,88029.63389581809,47606.54693954227,326899.0,5.0,0,1,0,0,44384,44728,11.559836979128391,11.368145378176733,0.0,1913.0,827.6700581395352,897.6959785711722,805858.0699428543,0,0,0,1,1,0,0,0,0.0,827.9709196655762,1639.465032444124,1.3966275659824048,0,0,0,0,0,0,1387,2273938,1364,1905,-1,477,1387,0,0.0,0.0,0.0,0.0,0.0,0.0,0.0,0.0,BENIGN
192.168.0.141,192.168.0.142,6,119984407,1392,1371,2275835.0,1905.0,1913.0,449.0,1634.9389367816088,515.6480234802325,1905.0,0.0,1.389496717724288,51.44891881531402,18983.63343163416,23.02799229569889,43441.13215061554,55550.92227167039,352309.0,-129.0,119883518.0,86185.13156002879,49612.929456003934,352359.0,0.0,119984407.0,87579.85912408729,48754.69305737581,352364.0,7.0,0,1,0,0,44544,44976,11.601507519222894,11.426484776475997,0.0,1913.0,824.7630246020269,895.9230054922234,802678.0317702185,0,0,0,1,1,0,0,0,0.0,825.061527325371,1634.9389367816093,1.3894967177242887,0,0,0,0,0,0,1392,2275835,1371,1905,-1,477,1392,0,0.0,0.0,0.0,0.0,0.0,0.0,0.0,0.0,BENIGN
192.168.0.142,192.168.0.141,6,61449358,1,3,0.0,0.0,0.0,0.0,0.0,0.0,0.0,0.0,0.0,0.0,0.0,0.0650942520831543,20483119.333333336,35458390.605326705,61426942.0,9364.0,0.0,0.0,0.0,0.0,0.0,61449358.0,30724679.0,43432799.42594373,61436306.0,13052.0,0,0,0,0,32,96,0.0162735630207885,0.0488206890623657,0.0,0.0,0.0,0.0,0.0,0,0,0,0,1,0,0,0,3.0,0.0,0.0,0.0,0,0,0,0,0,0,1,0,3,0,-1,509,0,0,13052.0,0.0,13052.0,13052.0,61426942.0,0.0,61426942.0,61426942.0,BENIGN
192.168.0.141,192.168.0.142,6,62364794,3,5,0.0,0.0,0.0,0.0,0.0,0.0,0.0,0.0,0.0,0.0,0.0,0.1282775022074153,8909256.285714285,22832990.125224423,60683658.0,9.0,61560609.0,30780304.5,42289728.08013696,60683658.0,876951.0,62228924.0,15557231.0,30096633.918963782,60698932.0,40.0,0,0,0,0,96,160,0.0481040633277807,0.0801734388796345,0.0,0.0,0.0,0.0,0.0,0,0,0,0,1,0,0,0,1.0,0.0,0.0,0.0,0,0,0,0,0,0,3,0,5,0,-1,501,0,0,804185.0,0.0,804185.0,804185.0,60683658.0,0.0,60683658.0,60683658.0,BENIGN
192.168.0.141,192.168.0.142,6,72622756,3,6,0.0,0.0,0.0,0.0,0.0,0.0,0.0,0.0,0.0,0.0,0.0,0.1239280976888291,9077844.5,17365401.499398082,50439688.0,21.0,61574633.0,30787316.5,27792650.308094487,50439688.0,11134945.0,72464921.0,14492984.2,20749944.61634224,50462888.0,21.0,0,0,0,0,96,192,0.0413093658962763,0.0826187317925527,0.0,0.0,0.0,0.0,0.0,0,0,0,0,1,0,0,0,2.0,0.0,0.0,0.0,0,0,0,0,0,0,3,0,6,0,-1,501,0,0,269372.3333333334,446624.87344563927,784917.0,22.0,23885601.33333333,22999466.371777706,50439688.0,10240028.0,BENIGN
192.168.0.141,192.168.0.142,6,119966424,3132,3134,355572.0,102.0,612.0,102.0,113.52873563218392,51.87977285625956,102.0,0.0,0.0325462667517548,1.8220096620707011,2964.77954531678,52.231280979084616,19148.6710295291,25615.210562622044,288683.0,-50.0,119939333.0,38307.03704886622,24169.97991819424,288730.0,0.0,119966424.0,38291.23013086514,24175.427110625908,288733.0,13.0,0,1,0,0,100224,100288,26.107304823889724,26.12397615519489,0.0,612.0,56.76974629009108,67.58127443064446,4567.228653670079,0,0,0,1,1,0,0,0,1.0,56.77880625598468,113.52873563218392,0.0325462667517549,0,0,0,0,0,0,3132,355572,3134,102,-1,5139,3132,0,0.0,0.0,0.0,0.0,0.0,0.0,0.0,0.0,BENIGN
192.168.0.141,192.168.0.142,6,119966436,3132,3134,355572.0,102.0,612.0,102.0,113.52873563218388,52.19904052697215,102.0,0.0,0.0325462667517548,1.8220096620707011,2964.779248755877,52.2312757544952,19148.6729449322,25630.856712191773,288659.0,-27.0,119939332.0,38307.036729479405,24191.856281286764,288730.0,0.0,119966436.0,38291.23396105972,24194.195726278576,288686.0,30.0,0,1,0,0,100224,100288,26.107302212428817,26.12397354206638,0.0,612.0,56.769746290091135,67.70400688069634,4583.832547701378,0,0,0,1,1,0,0,0,1.0,56.77880625598468,113.52873563218392,0.0325462667517549,0,0,0,0,0,0,3132,355572,3134,102,-1,5117,3132,0,0.0,0.0,0.0,0.0,0.0,0.0,0.0,0.0,BENIGN
192.168.0.141,192.168.0.142,6,119970847,3500,3196,469000.0,134.0,134.0,134.0,134.0,0.0,134.0,0.0,0.0419274092615769,2.3702896112187,3910.399999093113,55.81355943915274,17919.469305451785,24841.78031534672,223072.0,-90.0,119943753.0,34279.437839382525,24977.942689393672,223109.0,0.0,119970847.0,37549.56087636935,23680.404155722703,223165.0,5.0,0,1,0,0,112000,102440,29.17375418713181,26.63980525202093,0.0,134.0,70.07137524264601,66.93456241400742,4480.235645554655,0,0,0,1,1,0,0,0,0.0,70.08183990442055,134.0,0.0419274092615769,0,0,0,0,0,0,3500,469000,3196,134,-1,1700,3500,0,0.0,0.0,0.0,0.0,0.0,0.0,0.0,0.0,BENIGN
192.168.0.142,192.168.0.141,6,119999411,1200,1200,62556.0,0.0,104.0,52.0,52.130000000000045,2.5978306212326183,0.0,0.0,0.0,0.0,521.3025587267258,20.000098167148504,50020.59649854115,39525.7892019221,258400.0,6.0,119937272.0,100031.08590492098,15970.359622205266,258431.0,8134.0,119906653.0,100005.54879065888,37732.79877493491,313490.0,5758.0,0,0,0,0,38400,38400,10.000049083574252,10.000049083574252,0.0,104.0,26.05414410662223,26.135009735236206,683.0387338608913,0,0,0,0,1,0,0,0,1.0,26.065,52.13,0.0,0,0,0,0,0,0,1200,62556,1200,0,-1,586,1200,0,0.0,0.0,0.0,0.0,0.0,0.0,0.0,0.0,BENIGN
192.168.0.141,192.168.0.142,6,119909026,1381,1358,2275033.0,1905.0,1921.0,449.0,1647.3808834178135,517.0025380865311,1905.0,0.0,1.402798232695139,51.69458998081177,18988.879119074823,22.842317141330128,43794.384952520086,53919.296668444,269190.0,-156.0,119797857.0,86810.04130434801,45078.36401319752,269201.0,0.0,119909026.0,88363.32056005894,44224.14754310282,269194.0,5.0,0,1,0,0,44192,44644,11.517064611966742,11.325252529363386,0.0,1921.0,831.6945255474456,902.0412366378072,813678.3925950646,0,0,0,1,1,0,0,0,0.0,831.9981745162468,1647.3808834178133,1.4027982326951398,0,0,0,0,0,0,1381,2275033,1358,1905,-1,477,1381,0,0.0,0.0,0.0,0.0,0.0,0.0,0.0,0.0,BENIGN
192.168.0.141,192.168.0.142,6,119918911,1373,1350,2271850.0,1905.0,1921.0,449.0,1654.6613255644563,510.87152675470026,1905.0,0.0,1.41111111111111,51.84753288891064,18960.77091627358,22.707010739949094,44055.44121969148,54113.71761831954,256729.0,-205.0,119807741.0,87323.42638483965,45068.860087469744,256736.0,0.0,119918911.0,88894.67086730902,44020.1018729337,256787.0,7.0,0,1,0,0,43936,44268,11.44940350567393,11.257607234275168,0.0,1921.0,835.4111600587385,903.6114169887956,816513.5929124992,0,0,0,1,1,0,0,0,0.0,835.7179581344105,1654.6613255644577,1.4111111111111112,0,0,0,0,0,0,1373,2271850,1350,1905,-1,477,1373,0,0.0,0.0,0.0,0.0,0.0,0.0,0.0,0.0,BENIGN
192.168.0.142,192.168.0.141,6,61474632,1,3,0.0,0.0,0.0,0.0,0.0,0.0,0.0,0.0,0.0,0.0,0.0,0.0650674899526035,20491544.0,35412065.44756503,61381871.0,30644.0,0.0,0.0,0.0,0.0,0.0,61474632.0,30737316.0,43381282.4542936,61412515.0,62117.0,0,0,0,0,32,96,0.0162668724881508,0.0488006174644526,0.0,0.0,0.0,0.0,0.0,0,0,0,0,1,0,0,0,3.0,0.0,0.0,0.0,0,0,0,0,0,0,1,0,3,0,-1,509,0,0,62117.0,0.0,62117.0,62117.0,61381871.0,0.0,61381871.0,61381871.0,BENIGN
192.168.0.141,192.168.0.142,6,72511931,3,5,0.0,0.0,0.0,0.0,0.0,0.0,0.0,0.0,0.0,0.0,0.0,0.1103266716204261,10358847.285714284,18406708.50835988,50406945.0,4.0,61476760.0,30738380.0,27815551.37541677,50406945.0,11069815.0,72468474.0,18117118.5,22152032.344730698,50417637.0,13.0,0,0,0,0,96,160,0.0413725018576598,0.0689541697627663,0.0,0.0,0.0,0.0,0.0,0,0,0,0,1,0,0,0,1.0,0.0,0.0,0.0,0,0,0,0,0,0,3,0,5,0,-1,501,0,0,3568.333333333333,6165.8138419298175,10688.0,4.0,24152589.666666668,22736938.69816384,50406945.0,11024470.0,BENIGN
192.168.0.141,192.168.0.142,6,62265148,3,5,0.0,0.0,0.0,0.0,0.0,0.0,0.0,0.0,0.0,0.0,0.0,0.1284827910470878,8895021.142857144,22821875.03336149,60643617.0,4.0,61466689.0,30733344.5,42299513.02377502,60643617.0,823072.0,62224491.0,15556122.75,30069924.871335827,60657608.0,4.0,0,0,0,0,96,160,0.0481810466426579,0.0803017444044299,0.0,0.0,0.0,0.0,0.0,0,0,0,0,1,0,0,0,1.0,0.0,0.0,0.0,0,0,0,0,0,0,3,0,5,0,-1,501,0,0,798459.0,0.0,798459.0,798459.0,60643617.0,0.0,60643617.0,60643617.0,BENIGN
192.168.0.141,192.168.0.142,6,119980055,3100,3102,355878.0,102.0,918.0,102.0,114.79935483870976,61.214995196324175,102.0,0.0,0.0328820116054157,1.8313834070866768,2966.9931389846424,51.69192496202807,19348.50104821801,27530.96739033081,459145.0,-41.0,119949321.0,38705.81510164565,27782.564847423797,459228.0,0.0,119980055.0,38690.76265720735,27782.4007193421,459162.0,30.0,0,1,0,0,99200,99264,25.837627762381008,25.85429719964706,0.0,918.0,57.404804127035256,71.8836739637572,5167.2625825277455,0,0,0,1,1,0,0,0,1.0,57.4140599806514,114.79935483870968,0.0328820116054158,0,0,0,0,0,0,3100,355878,3102,102,-1,5320,3100,0,0.0,0.0,0.0,0.0,0.0,0.0,0.0,0.0,BENIGN
192.168.0.141,192.168.0.142,6,119980072,3097,3099,355878.0,102.0,918.0,102.0,114.91055860510194,61.52374025710753,102.0,0.0,0.0329138431752177,1.832269631869776,2966.9927185908005,51.641909333076576,19367.24326069409,27676.88832234733,459187.0,-59.0,119949321.0,38743.32073643427,28055.737227407648,459228.0,0.0,119980072.0,38728.23499031639,28056.216203647004,459195.0,7.0,0,1,0,0,99104,99180,25.81261994908621,25.829289383990368,0.0,918.0,57.4603840568017,72.05956076508852,5192.580297657484,0,0,0,1,1,0,0,0,1.0,57.46965784377017,114.91055860510173,0.0329138431752178,0,0,0,0,0,0,3097,355878,3099,102,-1,5366,3097,0,0.0,0.0,0.0,0.0,0.0,0.0,0.0,0.0,BENIGN
192.168.0.141,192.168.0.142,6,119978090,3505,3254,471144.0,134.0,938.0,134.0,134.4205420827396,16.474763814470677,134.0,0.0,0.0411800860479409,2.3490703545070915,3928.033860182305,56.33528588428104,17753.490677715254,25462.767388202235,361828.0,-84.0,119946142.0,34231.204908675834,26270.485024532263,361895.0,0.0,119978090.0,36882.2901936674,25413.320638983227,361854.0,5.0,0,1,0,0,112160,104380,29.213667262080936,27.121618622200103,0.0,938.0,69.73550295857976,68.20705866981741,4652.202852387915,0,0,0,1,1,0,0,0,0.0,69.74582038763131,134.42054208273893,0.0411800860479409,0,0,0,0,0,0,3505,471144,3254,134,-1,1746,3505,0,0.0,0.0,0.0,0.0,0.0,0.0,0.0,0.0,BENIGN
192.168.0.142,192.168.0.141,6,119951354,1185,1186,62244.0,0.0,156.0,52.0,52.52658227848101,6.021878232563956,0.0,0.0,0.0,0.0,518.9103576104693,19.766346280676416,50612.385654008445,40530.18156122711,325934.0,0.0,119857181.0,101230.72719594592,17850.811326049356,331404.0,18145.0,119951354.0,101224.77130801696,41131.02041194158,537816.0,0.0,0,0,0,0,37920,37952,9.87900478388931,9.887341496787108,0.0,156.0,26.24114671163576,26.61126553603437,708.1594534293306,0,0,0,0,1,0,0,0,1.0,26.25221425558836,52.526582278481015,0.0,0,0,0,0,0,0,1185,62244,1186,0,-1,610,1185,0,0.0,0.0,0.0,0.0,0.0,0.0,0.0,0.0,BENIGN
192.168.0.141,192.168.0.142,6,119929221,1368,1345,2274624.0,1905.0,2896.0,449.0,1662.736842105264,504.84932331949335,1905.0,0.0,1.4163568773234192,51.94381436996246,18982.27121812123,22.62167616347645,44221.68915929199,54703.126173577,398823.0,-113.0,119827383.0,87657.19312362834,46132.14758211548,398837.0,0.0,119929221.0,89233.05133928578,45057.75086670038,398859.0,5.0,0,1,0,0,43776,44168,11.406727973326868,11.214948190149588,0.0,2896.0,839.5114222549755,905.6075014085365,820124.9466074124,0,0,0,1,1,0,0,0,0.0,839.8208625138224,1662.7368421052631,1.41635687732342,0,0,0,0,0,0,1368,2274624,1345,1905,-1,477,1368,0,0.0,0.0,0.0,0.0,0.0,0.0,0.0,0.0,BENIGN
192.168.0.141,192.168.0.142,6,119931761,1412,1384,2275057.0,1905.0,2896.0,441.0,1611.2301699716695,537.1575649718538,1905.0,0.0,1.3764450867052016,51.206717236837335,18985.479584511395,23.313257278028296,42909.39570661894,54459.94658025386,397906.0,-103.0,119831423.0,84926.59319631464,48081.76743797188,397921.0,0.0,119931761.0,86718.55459146785,47181.04904588965,397963.0,5.0,0,1,0,0,45184,45428,11.773361686901271,11.539895591127024,0.0,2896.0,814.7540221666088,891.7259836340684,795175.2298881469,0,0,0,1,1,0,0,0,0.0,815.0454220314735,1611.230169971671,1.3764450867052025,0,0,0,0,0,0,1412,2275057,1384,1905,-1,477,1412,0,0.0,0.0,0.0,0.0,0.0,0.0,0.0,0.0,BENIGN
192.168.0.142,192.168.0.141,6,61451766,1,3,0.0,0.0,0.0,0.0,0.0,0.0,0.0,0.0,0.0,0.0,0.0,0.0650917013515933,20483922.0,35413654.651235744,61376077.0,11761.0,0.0,0.0,0.0,0.0,0.0,61451766.0,30725883.0,43362552.60987353,61387838.0,63928.0,0,0,0,0,32,96,0.0162729253378983,0.048818776013695,0.0,0.0,0.0,0.0,0.0,0,0,0,0,1,0,0,0,3.0,0.0,0.0,0.0,0,0,0,0,0,0,1,0,3,0,-1,509,0,0,63928.0,0.0,63928.0,63928.0,61376077.0,0.0,61376077.0,61376077.0,BENIGN
192.168.0.141,192.168.0.142,6,62234756,3,5,0.0,0.0,0.0,0.0,0.0,0.0,0.0,0.0,0.0,0.0,0.0,0.1285455349097858,8890679.42857143,22800023.04446384,60589840.0,12.0,61385825.0,30692912.5,42280640.34378515,60589840.0,795985.0,62221101.0,15555275.25,30070535.502843414,60657692.0,35.0,0,0,0,0,96,160,0.0482045755911696,0.0803409593186161,0.0,0.0,0.0,0.0,0.0,0,0,0,0,1,0,0,0,1.0,0.0,0.0,0.0,0,0,0,0,0,0,3,0,5,0,-1,501,0,0,848931.0,0.0,848931.0,848931.0,60589840.0,0.0,60589840.0,60589840.0,BENIGN
192.168.0.141,192.168.0.142,6,72478983,3,5,0.0,0.0,0.0,0.0,0.0,0.0,0.0,0.0,0.0,0.0,0.0,0.1103768246858541,10354140.42857143,18402303.97366245,50390422.0,20.0,61430599.0,30715299.5,27824825.080852035,50390422.0,11040177.0,72465098.0,18116274.5,22150076.141854115,50413731.0,20.0,0,0,0,0,96,160,0.0413913092571952,0.0689855154286588,0.0,0.0,0.0,0.0,0.0,0,0,0,0,1,0,0,0,1.0,0.0,0.0,0.0,0,0,0,0,0,0,3,0,5,0,-1,501,0,0,7776.333333333334,13431.765421318722,23286.0,20.0,24147256.33333333,22727248.150858574,50390422.0,11025078.0,BENIGN
192.168.0.141,192.168.0.142,6,119995153,3197,3199,355470.0,102.0,612.0,102.0,111.18861432593064,48.07762309839628,102.0,0.0,0.0318849640512659,1.8034040959333328,2963.2196893819537,53.30215296279509,18763.901954652105,24916.09303192472,274416.0,-27.0,119958239.0,37533.867021276674,23282.42171585181,274506.0,0.0,119995153.0,37521.93652282693,23284.493948114992,274422.0,8.0,0,1,0,0,102304,102368,26.64274281145339,26.659410151341696,0.0,612.0,55.60012505862133,65.16074932056014,4245.92325201688,0,0,0,1,1,0,0,0,1.0,55.60881801125704,111.18861432593056,0.031884964051266,0,0,0,0,0,0,3197,355470,3199,102,-1,5388,3197,0,0.0,0.0,0.0,0.0,0.0,0.0,0.0,0.0,BENIGN
192.168.0.141,192.168.0.142,6,119995181,3197,3199,355470.0,102.0,612.0,102.0,111.18861432593064,48.212852222070346,102.0,0.0,0.0318849640512659,1.8034040959333328,2963.218997936259,53.30214052512659,18763.906333072733,24902.58908950614,274438.0,-48.0,119956166.0,37533.21839799759,23266.01080570387,274505.0,0.0,119995181.0,37521.945278299005,23270.47940945824,274452.0,5.0,0,1,0,0,102304,102368,26.642736594563743,26.65940393056285,0.0,612.0,55.60012505862133,65.21065724727062,4252.429818621008,0,0,0,1,1,0,0,0,1.0,55.60881801125704,111.18861432593056,0.031884964051266,0,0,0,0,0,0,3197,355470,3199,102,-1,5433,3197,0,0.0,0.0,0.0,0.0,0.0,0.0,0.0,0.0,BENIGN
192.168.0.141,192.168.0.142,6,119994926,3509,3316,470206.0,134.0,134.0,134.0,134.0,0.0,134.0,0.0,0.0404101326899879,2.3270061840180745,3919.665736532893,56.87740496627332,17584.25058616652,24311.86565728493,298475.0,-124.0,119958029.0,34195.56128848347,24196.157259997,298525.0,0.0,119994926.0,36197.56440422329,23394.56535217529,298519.0,4.0,0,1,0,0,112288,106400,29.242903154088363,27.63450181218496,0.0,134.0,68.92382068561402,66.97728048094866,4485.956100623666,0,0,0,1,1,0,0,0,0.0,68.93391941391941,134.0,0.0404101326899879,0,0,0,0,0,0,3509,470206,3316,134,-1,1746,3509,0,0.0,0.0,0.0,0.0,0.0,0.0,0.0,0.0,BENIGN
192.168.0.142,192.168.0.141,6,119960103,1191,1193,62192.0,52.0,104.0,52.0,52.2183039462636,3.3635766495334893,52.0,0.0,0.0435875943000838,1.5055081878237515,518.8725121384732,19.873274033450937,50339.95090222416,40505.032117443385,269359.0,10.0,119845304.0,100710.33949579844,13370.086739449,269393.0,11049.0,119960103.0,100637.67030201344,36885.43426705468,344178.0,5707.0,0,1,0,0,38112,38176,9.928300911845666,9.944973121605273,0.0,104.0,26.119916142557607,26.222346443693773,687.6114530130995,0,0,0,1,1,0,0,0,1.0,26.13087248322148,52.218303946263646,0.0435875943000838,0,0,0,0,0,0,1191,62192,1193,52,-1,610,1191,0,0.0,0.0,0.0,0.0,0.0,0.0,0.0,0.0,BENIGN
192.168.0.141,192.168.0.142,6,119977382,1396,1361,2275531.0,1897.0,1905.0,441.0,1630.03653295129,523.3415841667371,1897.0,0.0,1.3938280675973551,51.4207336026255,18982.144484532924,22.979331220946293,43533.15747460083,54181.3566333141,306358.0,-167.0,119875949.0,85932.57992831536,46424.27794674351,306369.0,0.0,119977382.0,88218.66323529414,44975.43049893956,306394.0,5.0,0,1,0,0,44672,44752,11.635526436141104,11.343804784805188,0.0,1905.0,826.4412617838998,896.2783645592926,803314.9067770803,0,0,0,1,1,0,0,0,0.0,826.7410228509249,1630.0365329512897,1.393828067597355,0,0,0,0,0,0,1396,2275531,1361,1897,-1,493,1396,0,0.0,0.0,0.0,0.0,0.0,0.0,0.0,0.0,BENIGN
192.168.0.141,192.168.0.142,6,119966172,1415,1387,2276878.0,1897.0,1905.0,441.0,1609.1010600706709,536.0771985116331,1897.0,0.0,1.3677000720980534,50.93650004436902,18995.146398436387,23.356584221091925,42829.765083898514,54138.462391107525,309135.0,-162.0,119873566.0,84776.21357850084,47448.79169303633,309140.0,0.0,119966172.0,86555.67965367962,46452.93725978932,309152.0,6.0,0,1,0,0,45280,45596,11.794991674819798,11.561592546272127,0.0,1905.0,813.6539422047811,890.4280880493003,792862.1799871325,0,0,0,1,1,0,0,0,0.0,813.9443254817987,1609.101060070671,1.3677000720980534,0,0,0,0,0,0,1415,2276878,1387,1897,-1,477,1415,0,0.0,0.0,0.0,0.0,0.0,0.0,0.0,0.0,BENIGN
192.168.0.142,192.168.0.141,6,61471056,1,3,0.0,0.0,0.0,0.0,0.0,0.0,0.0,0.0,0.0,0.0,0.0,0.0650712751705453,20490352.0,35411367.78322067,61379874.0,31057.0,0.0,0.0,0.0,0.0,0.0,61471056.0,30735528.0,43381570.95386033,61410931.0,60125.0,0,0,0,0,32,96,0.0162678187926363,0.0488034563779089,0.0,0.0,0.0,0.0,0.0,0,0,0,0,1,0,0,0,3.0,0.0,0.0,0.0,0,0,0,0,0,0,1,0,3,0,-1,509,0,0,60125.0,0.0,60125.0,60125.0,61379874.0,0.0,61379874.0,61379874.0,BENIGN
192.168.0.141,192.168.0.142,6,62231850,3,5,0.0,0.0,0.0,0.0,0.0,0.0,0.0,0.0,0.0,0.0,0.0,0.128551537516561,8890264.285714285,22818853.861703627,60631929.0,8.0,61430113.0,30715056.5,42308846.83328668,60631929.0,798184.0,62218037.0,15554509.25,30067037.90852636,60651666.0,8.0,0,0,0,0,96,160,0.0482068265687103,0.0803447109478506,0.0,0.0,0.0,0.0,0.0,0,0,0,0,1,0,0,0,1.0,0.0,0.0,0.0,0,0,0,0,0,0,3,0,5,0,-1,501,0,0,801737.0,0.0,801737.0,801737.0,60631929.0,0.0,60631929.0,60631929.0,BENIGN
192.168.0.141,192.168.0.142,6,72477448,3,5,0.0,0.0,0.0,0.0,0.0,0.0,0.0,0.0,0.0,0.0,0.0,0.1103791623568203,10353921.142857142,18397987.344032504,50381753.0,3.0,61425511.0,30712755.5,27816163.0227825,50381753.0,11043758.0,72458002.0,18114500.5,22149647.139909465,50411725.0,3.0,0,0,0,0,96,160,0.0413921858838076,0.0689869764730126,0.0,0.0,0.0,0.0,0.0,0,0,0,0,1,0,0,0,1.0,0.0,0.0,0.0,0,0,0,0,0,0,3,0,5,0,-1,501,0,0,9991.666666666668,17274.903916761254,29939.0,3.0,24142675.666666668,22723707.57122722,50381753.0,11021995.0,BENIGN
192.168.0.141,192.168.0.142,6,119980557,3512,3306,470608.0,134.0,134.0,134.0,134.0,0.0,134.0,0.0,0.0405323653962492,2.3305228947807777,3923.4857027709913,56.82587387888189,17600.19906117061,24232.058833489435,435952.0,-76.0,119953782.0,34165.13301053837,24041.77452971335,435988.0,0.0,119980557.0,36302.74039334347,23164.9333172446,435969.0,5.0,0,1,0,0,112384,106044,29.27140936676932,27.55446451211257,0.0,134.0,69.05352691010403,66.97343363564212,4485.44081294776,0,0,0,1,1,0,0,0,0.0,69.06365503080082,134.0,0.0405323653962492,0,0,0,0,0,0,3512,470608,3306,134,-1,1746,3512,0,0.0,0.0,0.0,0.0,0.0,0.0,0.0,0.0,BENIGN
192.168.0.141,192.168.0.142,6,119992441,3172,3174,356082.0,102.0,918.0,102.0,112.2578814627993,54.24736623364413,102.0,0.0,0.0321361058601133,1.8104924185788671,2968.3869836434114,52.88666475249053,18911.338219070087,25682.37678289953,429557.0,-43.0,119952159.0,37827.86471144743,24682.907015464298,429591.0,0.0,119992441.0,37816.71635676017,24687.59946133954,429621.0,17.0,0,1,0,0,101504,101568,26.43499851794831,26.451666234542223,0.0,918.0,56.13455175673538,67.97856706590714,4621.085580334036,0,0,0,1,1,0,0,0,1.0,56.14339741569493,112.25788146279947,0.0321361058601134,0,0,0,0,0,0,3172,356082,3174,102,-1,5569,3172,0,0.0,0.0,0.0,0.0,0.0,0.0,0.0,0.0,BENIGN
192.168.0.141,192.168.0.142,6,119992424,3175,3177,356082.0,102.0,918.0,102.0,112.15181102362232,53.96814279753678,102.0,0.0,0.0321057601510858,1.8096374044019845,2968.3874041914514,52.936675402107056,18893.469374901677,25642.209930097302,429543.0,-47.0,119952159.0,37792.11058601135,24612.20969092805,429591.0,0.0,119992424.0,37780.98992443314,24614.90702726384,429577.0,7.0,0,1,0,0,101600,101664,26.460003841575865,26.476671560531187,0.0,918.0,56.08153628207147,67.82358970565764,4600.039320561388,0,0,0,1,1,0,0,0,1.0,56.09036523929471,112.15181102362205,0.0321057601510859,0,0,0,0,0,0,3175,356082,3177,102,-1,5524,3175,0,0.0,0.0,0.0,0.0,0.0,0.0,0.0,0.0,BENIGN
192.168.0.142,192.168.0.141,6,119942495,1190,1192,62400.0,52.0,156.0,52.0,52.436974789916015,5.625603274573874,52.0,0.0,0.0436241610738255,1.5061395605450791,520.6828488935469,19.859516845968564,50374.840403192,39987.94403087682,350145.0,8.0,119836646.0,100787.75946173257,14834.819803093014,350145.0,15314.0,119942495.0,100707.38455079756,34920.72260964437,429619.0,5102.0,0,1,0,0,38080,38144,9.92142109433358,9.938095751634982,0.0,156.0,26.2291229542594,26.52311460323801,703.4756082564974,0,0,0,1,1,0,0,0,1.0,26.24013434089001,52.436974789915965,0.0436241610738255,0,0,0,0,0,0,1190,62400,1192,52,-1,635,1190,0,0.0,0.0,0.0,0.0,0.0,0.0,0.0,0.0,BENIGN
192.168.0.141,192.168.0.142,6,119997532,1370,1347,2271362.0,1897.0,1905.0,433.0,1657.928467153284,499.427746294712,1897.0,0.0,1.408314773570899,51.687262700437046,18944.214619347335,22.64213233985512,44181.71281296016,54163.53058155052,427539.0,-96.0,119895063.0,87578.57048940826,44925.5813252688,427544.0,0.0,119997532.0,89151.21248142637,43860.439213039805,427569.0,5.0,0,1,0,0,43840,44160,11.416901474273654,11.225230865581468,0.0,1905.0,837.0699043414286,901.876209552457,813380.6973567074,0,0,0,1,1,0,0,0,0.0,837.377990430622,1657.9284671532846,1.4083147735708983,0,0,0,0,0,0,1370,2271362,1347,1897,-1,477,1370,0,0.0,0.0,0.0,0.0,0.0,0.0,0.0,0.0,BENIGN
192.168.0.141,192.168.0.142,6,119993278,1397,1367,2270480.0,1897.0,1905.0,433.0,1625.2541159627756,520.2151298908551,1897.0,0.0,1.3877103145574257,51.30776224622775,18937.535817631386,23.034623656168478,43428.62034020993,54094.95797208566,429609.0,-96.0,119892845.0,85883.12679083095,46329.63258644154,429619.0,0.0,119993278.0,87842.80966325042,45193.75170938573,429662.0,6.0,0,1,0,0,44704,44776,11.642318830559825,11.392304825608647,0.0,1905.0,822.522242314648,893.0617816438493,797559.3458328863,0,0,0,1,1,0,0,0,0.0,822.8198263386397,1625.2541159627774,1.387710314557425,0,0,0,0,0,0,1397,2270480,1367,1897,-1,477,1397,0,0.0,0.0,0.0,0.0,0.0,0.0,0.0,0.0,BENIGN
192.168.0.142,192.168.0.141,6,61475515,1,3,0.0,0.0,0.0,0.0,0.0,0.0,0.0,0.0,0.0,0.0,0.0,0.0650665553594792,20491838.333333336,35447789.07694078,61423418.0,16565.0,0.0,0.0,0.0,0.0,0.0,61475515.0,30737757.5,43446327.08577461,61458950.0,16565.0,0,0,0,0,32,96,0.0162666388398698,0.0487999165196094,0.0,0.0,0.0,0.0,0.0,0,0,0,0,1,0,0,0,3.0,0.0,0.0,0.0,0,0,0,0,0,0,1,0,3,0,-1,509,0,0,16565.0,0.0,16565.0,16565.0,61423418.0,0.0,61423418.0,61423418.0,BENIGN
192.168.0.141,192.168.0.142,6,62237661,3,5,0.0,0.0,0.0,0.0,0.0,0.0,0.0,0.0,0.0,0.0,0.0,0.1285395349288592,8891094.42857143,22839696.21122664,60680325.0,18.0,61438963.0,30719481.5,42371031.21783779,60680325.0,758638.0,62223855.0,15555963.75,30095038.95154092,60695281.0,18.0,0,0,0,0,96,160,0.0482023255983222,0.080337209330537,0.0,0.0,0.0,0.0,0.0,0,0,0,0,1,0,0,0,1.0,0.0,0.0,0.0,0,0,0,0,0,0,3,0,5,0,-1,501,0,0,798698.0,0.0,798698.0,798698.0,60680325.0,0.0,60680325.0,60680325.0,BENIGN
192.168.0.141,192.168.0.142,6,72485923,3,5,0.0,0.0,0.0,0.0,0.0,0.0,0.0,0.0,0.0,0.0,0.0,0.1103662569075653,10355131.857142858,18365079.342594624,50319464.0,29.0,61326381.0,30663190.5,27798168.569414865,50319464.0,11006917.0,72463862.0,18115965.5,22174795.343220048,50455195.0,32.0,0,0,0,0,96,160,0.041387346340337,0.0689789105672283,0.0,0.0,0.0,0.0,0.0,0,0,0,0,1,0,0,0,1.0,0.0,0.0,0.0,0,0,0,0,0,0,3,0,5,0,-1,501,0,0,45254.33333333333,78329.97706072264,135702.0,29.0,24109366.33333333,22698618.78290713,50319464.0,10984827.0,BENIGN
192.168.0.141,192.168.0.142,6,119986794,3213,3214,355164.0,102.0,714.0,102.0,110.53968253968262,46.46281668731855,102.0,0.0,0.0317361543248288,1.7991908573390796,2960.8758443866745,53.56422807663317,18672.08123249303,24318.69859266789,286022.0,-15.0,119949001.0,37344.0227272726,22142.484264572333,286088.0,0.0,119986794.0,37344.162464986,22140.821669562338,286037.0,28.0,0,1,0,0,102816,102848,26.777946913057782,26.786281163575385,0.0,714.0,55.28438083385202,64.29504031972144,4133.852209714606,0,0,0,1,1,0,0,0,1.0,55.29298272911156,110.53968253968254,0.0317361543248288,0,0,0,0,0,0,3213,355164,3214,102,-1,5614,3213,0,0.0,0.0,0.0,0.0,0.0,0.0,0.0,0.0,BENIGN
192.168.0.141,192.168.0.142,6,119986810,3212,3213,355164.0,102.0,714.0,102.0,110.5740971357411,46.6379649112448,102.0,0.0,0.0317460317460317,1.799470821684871,2960.8754495598305,53.54755243513849,18677.896948941423,24317.82631941873,285992.0,-34.0,119949001.0,37355.652756150674,22141.21334214208,286087.0,0.0,119986810.0,37355.79389788278,22142.27914210368,286026.0,9.0,0,1,0,0,102784,102816,26.769609092866123,26.77794334227237,0.0,714.0,55.30158730158728,64.37315524771356,4143.903116546231,0,0,0,1,1,0,0,0,1.0,55.31019455252918,110.57409713574096,0.0317460317460317,0,0,0,0,0,0,3212,355164,3213,102,-1,5660,3212,0,0.0,0.0,0.0,0.0,0.0,0.0,0.0,0.0,BENIGN
192.168.0.141,192.168.0.142,6,119999640,3499,3303,468866.0,134.0,134.0,134.0,134.0,0.0,134.0,0.0,0.0405691795337571,2.3315810210077283,3908.345058368509,56.68350338384349,17644.411116012456,23562.090590777727,172782.0,-324.0,119961757.0,34294.384505431655,22626.75855503809,172786.0,0.0,119999640.0,36341.50211992739,21638.57489939926,172798.0,5.0,0,1,0,0,111968,105900,29.15842080859576,27.52508257524773,0.0,134.0,68.95987064530352,66.97625172632583,4485.818295308163,0,0,0,1,1,0,0,0,0.0,68.97000882093502,134.0,0.0405691795337571,0,0,0,0,0,0,3499,468866,3303,134,-1,1746,3499,0,0.0,0.0,0.0,0.0,0.0,0.0,0.0,0.0,BENIGN
192.168.0.142,192.168.0.141,6,119926799,1197,1199,62348.0,52.0,104.0,52.0,52.08688387635754,2.1246609166527044,52.0,0.0,0.0433694745621351,1.5017365538705592,520.317397948727,19.97885393405689,50073.82004175362,40006.157746168254,224328.0,6.0,119817827.0,100182.12959866218,11658.540690773452,224328.0,7249.0,119926799.0,100105.84223706186,33370.12864269572,281707.0,5965.0,0,1,0,0,38304,38368,9.981088547189524,9.997765386867368,0.0,104.0,26.054234459741373,26.09201764156573,680.7933846077774,0,0,0,1,1,0,0,0,1.0,26.06510851419032,52.08688387635756,0.0433694745621351,0,0,0,0,0,0,1197,62348,1199,52,-1,635,1197,0,0.0,0.0,0.0,0.0,0.0,0.0,0.0,0.0,BENIGN
192.168.0.141,192.168.0.142,6,119942044,1372,1335,2270507.0,1897.0,1905.0,433.0,1654.8884839650136,503.783986289516,1897.0,0.0,1.420973782771536,51.91904531015184,18945.850214125083,22.569233520816105,44324.48041389507,53330.59970267992,234477.0,-140.0,119843525.0,87413.22027716992,42966.46589387865,234504.0,0.0,119942044.0,89911.57721139434,41146.29527586163,234493.0,5.0,0,1,0,0,43904,43776,11.43885792041363,11.130375600402475,0.0,1905.0,839.8452732644013,902.021216029196,813642.2741667897,0,0,0,1,1,0,0,0,0.0,840.155522718877,1654.8884839650143,1.4209737827715356,0,0,0,0,0,0,1372,2270507,1335,1897,-1,477,1372,0,0.0,0.0,0.0,0.0,0.0,0.0,0.0,0.0,BENIGN
192.168.0.141,192.168.0.142,6,119939751,1385,1355,2269633.0,1897.0,1905.0,433.0,1638.724187725631,513.8487698396166,1897.0,0.0,1.4000000000000006,51.53445449405667,18938.925427650756,22.84480313786878,43789.613362541015,53363.9660070541,244870.0,-134.0,119839418.0,86589.1748554913,43936.953637832186,244938.0,0.0,119939751.0,88581.7954209749,42587.30748975743,244890.0,5.0,0,1,0,0,44320,44392,11.54746435983513,11.297338778033648,0.0,1905.0,829.4151769427233,897.3434002265578,805225.1779301603,0,0,0,1,1,0,0,0,0.0,829.7178832116788,1638.7241877256315,1.4,0,0,0,0,0,0,1385,2269633,1355,1897,-1,477,1385,0,0.0,0.0,0.0,0.0,0.0,0.0,0.0,0.0,BENIGN
192.168.0.142,192.168.0.141,6,61449007,1,3,0.0,0.0,0.0,0.0,0.0,0.0,0.0,0.0,0.0,0.0,0.0,0.0650946239049884,20483002.333333336,35454958.498773344,61422862.0,13002.0,0.0,0.0,0.0,0.0,0.0,61449007.0,30724503.5,43432422.53802936,61435864.0,13143.0,0,0,0,0,32,96,0.0162736559762471,0.0488209679287413,0.0,0.0,0.0,0.0,0.0,0,0,0,0,1,0,0,0,3.0,0.0,0.0,0.0,0,0,0,0,0,0,1,0,3,0,-1,509,0,0,13143.0,0.0,13143.0,13143.0,61422862.0,0.0,61422862.0,61422862.0,BENIGN
192.168.0.141,192.168.0.142,6,62234639,3,5,0.0,0.0,0.0,0.0,0.0,0.0,0.0,0.0,0.0,0.0,0.0,0.1285457765730753,8890662.714285715,22813523.729552943,60620301.0,7.0,61415640.0,30707820.0,42302636.31442752,60620301.0,795339.0,62222590.0,15555647.5,30069626.181579605,60656689.0,7.0,0,0,0,0,96,160,0.0482046662149032,0.080341110358172,0.0,0.0,0.0,0.0,0.0,0,0,0,0,1,0,0,0,1.0,0.0,0.0,0.0,0,0,0,0,0,0,3,0,5,0,-1,501,0,0,818999.0,0.0,818999.0,818999.0,60620301.0,0.0,60620301.0,60620301.0,BENIGN
192.168.0.141,192.168.0.142,6,72477976,3,5,0.0,0.0,0.0,0.0,0.0,0.0,0.0,0.0,0.0,0.0,0.0,0.1103783582477524,10353996.57142857,18398926.48635936,50383146.0,4.0,61421812.0,30710906.0,27820748.610258494,50383146.0,11038666.0,72462570.0,18115642.5,22149760.86725336,50412742.0,13.0,0,0,0,0,96,160,0.0413918843429071,0.0689864739048452,0.0,0.0,0.0,0.0,0.0,0,0,0,0,1,0,0,0,1.0,0.0,0.0,0.0,0,0,0,0,0,0,3,0,5,0,-1,501,0,0,9869.666666666668,17080.04228136843,29592.0,4.0,24144320.33333333,22723489.652818438,50383146.0,11023256.0,BENIGN
192.168.0.141,192.168.0.142,6,119978975,3188,3190,356184.0,102.0,714.0,102.0,111.72647427854446,51.95948762671527,102.0,0.0,0.031974921630094,1.8059462910810995,2969.570293461833,53.15931395479916,18814.3288380116,25905.271278368626,392323.0,-45.0,119945508.0,37635.866959523046,25276.07177541597,392400.0,0.0,119978975.0,37622.75791784266,25277.75037411124,392342.0,10.0,0,1,0,0,102016,102080,26.571322183740943,26.58799177105822,0.0,714.0,55.86894497570167,66.85751270438641,4469.92700501719,0,0,0,1,1,0,0,0,1.0,55.87770460959548,111.72647427854454,0.031974921630094,0,0,0,0,0,0,3188,356184,3190,102,-1,5818,3188,0,0.0,0.0,0.0,0.0,0.0,0.0,0.0,0.0,BENIGN
192.168.0.141,192.168.0.142,6,119975742,3515,3321,471010.0,134.0,134.0,134.0,134.0,0.0,134.0,0.0,0.0403492923818126,2.325253788119241,3926.993841805121,56.97818480672535,17553.14440380395,23537.946355795328,188838.0,-95.0,119937965.0,34131.464143426194,22702.005361009946,188844.0,0.0,119975742.0,36137.27168674694,21756.604114388312,188859.0,5.0,0,1,0,0,112480,106548,29.29758917431825,27.68059563240709,0.0,134.0,68.93052508410118,66.97707964875767,4485.929198276028,0,0,0,1,1,0,0,0,0.0,68.94060854300761,134.0,0.0403492923818127,0,0,0,0,0,0,3515,471010,3321,134,-1,1746,3515,0,0.0,0.0,0.0,0.0,0.0,0.0,0.0,0.0,BENIGN
192.168.0.141,192.168.0.142,6,119978959,3186,3188,356184.0,102.0,714.0,102.0,111.79661016949132,52.15144052005717,102.0,0.0,0.0319949811794228,1.8065126847883235,2969.570689473977,53.12598186487016,18826.13510120823,25911.180627079128,392293.0,-55.0,119945509.0,37659.50047095762,25281.24936984829,392400.0,0.0,119978959.0,37646.363037339324,25286.04079517182,392336.0,8.0,0,1,0,0,101952,102016,26.55465613766494,26.571325727205217,0.0,714.0,55.90400000000003,66.96140776523984,4483.830129902723,0,0,0,1,1,0,0,0,1.0,55.91277063068717,111.79661016949152,0.0319949811794228,0,0,0,0,0,0,3186,356184,3188,102,-1,5863,3186,0,0.0,0.0,0.0,0.0,0.0,0.0,0.0,0.0,BENIGN
192.168.0.142,192.168.0.141,6,119975712,1212,1212,63752.0,52.0,208.0,52.0,52.60066006600667,8.431524320758978,52.0,0.0,0.0429042904290429,1.493660973015707,531.8076378659041,20.204089307675872,49515.35782088313,40191.7615480944,303117.0,6.0,119875432.0,98988.79603633368,16569.921805394155,303117.0,6425.0,119886016.0,98997.53592072676,34734.01462109591,317621.0,5578.0,0,1,0,0,38784,38784,10.102044653837936,10.102044653837936,0.0,208.0,26.33237113402064,26.97187225790096,727.4818930965276,0,0,0,1,1,0,0,0,1.0,26.343234323432345,52.60066006600661,0.0429042904290429,0,0,0,0,0,0,1212,63752,1212,52,-1,695,1212,0,0.0,0.0,0.0,0.0,0.0,0.0,0.0,0.0,BENIGN
192.168.0.141,192.168.0.142,6,119945840,1383,1358,2276562.0,1448.0,1905.0,433.0,1646.1041214750555,512.0803848563586,1448.0,0.0,1.0662739322533137,39.29331563895819,18991.988384090684,22.85198052721128,43775.85401459846,53352.78188652294,224147.0,-100.0,119944669.0,86790.64327062228,43739.52617257037,224169.0,0.0,119945840.0,88390.44952100236,42616.96508667606,224176.0,5.0,0,0,0,0,44256,44700,11.530203965389711,11.321776561821569,0.0,1905.0,831.3121808898618,899.7764270470319,809597.6186695228,0,0,0,0,1,0,0,0,0.0,831.6154688070047,1646.1041214750542,1.0662739322533137,0,0,0,0,0,0,1383,2276562,1358,1448,-1,477,1383,0,0.0,0.0,0.0,0.0,0.0,0.0,0.0,0.0,BENIGN
192.168.0.141,192.168.0.142,6,119944731,1400,1369,2273443.0,1897.0,1905.0,433.0,1623.8878571428584,525.239274514186,1897.0,0.0,1.3856829802775754,51.270270270270245,18969.903730077145,23.085632665264804,43332.63403179195,53340.00727136741,224126.0,-96.0,119844165.0,85664.16368834871,44761.28763471646,224169.0,0.0,119944731.0,87678.89692982448,43429.45718424946,224178.0,7.0,0,1,0,0,44800,44948,11.672042517649231,11.41359014761557,0.0,1905.0,822.107220216607,893.9489324387879,799144.6938084485,0,0,0,1,1,0,0,0,0.0,822.4041170097508,1623.8878571428572,1.385682980277575,0,0,0,0,0,0,1400,2273443,1369,1897,-1,477,1400,0,0.0,0.0,0.0,0.0,0.0,0.0,0.0,0.0,BENIGN
192.168.0.142,192.168.0.141,6,61468137,1,3,0.0,0.0,0.0,0.0,0.0,0.0,0.0,0.0,0.0,0.0,0.0,0.0650743652764358,20489379.0,35441482.905835174,61413678.0,22322.0,0.0,0.0,0.0,0.0,0.0,61468137.0,30734068.5,43432968.424464434,61445815.0,22322.0,0,0,0,0,32,96,0.0162685913191089,0.0488057739573268,0.0,0.0,0.0,0.0,0.0,0,0,0,0,1,0,0,0,3.0,0.0,0.0,0.0,0,0,0,0,0,0,1,0,3,0,-1,509,0,0,22322.0,0.0,22322.0,22322.0,61413678.0,0.0,61413678.0,61413678.0,BENIGN
192.168.0.141,192.168.0.142,6,72472003,3,5,0.0,0.0,0.0,0.0,0.0,0.0,0.0,0.0,0.0,0.0,0.0,0.1103874554150241,10353143.285714284,18407287.71878888,50401080.0,13.0,61432862.0,30716431.0,27838297.586353984,50401080.0,11031782.0,72463131.0,18115782.75,22152274.549411647,50417089.0,32.0,0,0,0,0,96,160,0.041395295780634,0.0689921596343901,0.0,0.0,0.0,0.0,0.0,0,0,0,0,1,0,0,0,1.0,0.0,0.0,0.0,0,0,0,0,0,0,3,0,5,0,-1,501,0,0,5347.0,9222.30941792781,15996.0,13.0,24149030.0,22734942.201675795,50401080.0,11022897.0,BENIGN
192.168.0.141,192.168.0.142,6,62240003,3,5,0.0,0.0,0.0,0.0,0.0,0.0,0.0,0.0,0.0,0.0,0.0,0.1285346981747414,8891429.000000002,22821177.5514837,60638325.0,17.0,61438078.0,30719039.0,42312260.037719466,60638325.0,799753.0,62227144.0,15556786.0,30069161.02233324,60657112.0,30.0,0,0,0,0,96,160,0.048200511815528,0.0803341863592133,0.0,0.0,0.0,0.0,0.0,0,0,0,0,1,0,0,0,1.0,0.0,0.0,0.0,0,0,0,0,0,0,3,0,5,0,-1,501,0,0,801925.0,0.0,801925.0,801925.0,60638325.0,0.0,60638325.0,60638325.0,BENIGN
192.168.0.141,192.168.0.142,6,119969251,3500,3295,470206.0,134.0,938.0,134.0,134.3445714285716,14.501140151458372,134.0,0.0,0.0406676783004552,2.3344097524344307,3920.504596632016,56.63951340331366,17658.117603768093,24045.466161271564,271158.0,-81.0,119957733.0,34283.433266647764,23595.221738266784,271218.0,0.0,119969251.0,36420.537644201664,22665.51360548788,271164.0,5.0,0,1,0,0,112000,105736,29.174142297512557,27.465371105801104,0.0,938.0,69.22807533843411,67.94720116509609,4616.822146170035,0,0,0,1,1,0,0,0,0.0,69.2382634289919,134.34457142857144,0.0406676783004552,0,0,0,0,0,0,3500,470206,3295,134,-1,1791,3500,0,0.0,0.0,0.0,0.0,0.0,0.0,0.0,0.0,BENIGN
192.168.0.141,192.168.0.142,6,119967177,3215,3217,355164.0,102.0,714.0,102.0,110.47091757387264,48.43888698010033,102.0,0.0,0.0317065589058128,1.798351747682555,2961.36000599564,53.61466495123078,18654.51360597112,25274.92160821028,372766.0,-40.0,119955682.0,37322.86309894216,24210.969344184683,372819.0,0.0,119967177.0,37303.22667910455,24218.396179525884,372798.0,8.0,0,1,0,0,102880,102944,26.79899686228342,26.81566808894736,0.0,714.0,55.24141147209706,64.98919027028674,4223.594851987533,0,0,0,1,1,0,0,0,1.0,55.25,110.47091757387248,0.0317065589058128,0,0,0,0,0,0,3215,355164,3217,102,-1,5982,3215,0,0.0,0.0,0.0,0.0,0.0,0.0,0.0,0.0,BENIGN
192.168.0.141,192.168.0.142,6,119967201,3213,3215,355164.0,102.0,714.0,102.0,110.53968253968254,48.30843524777508,102.0,0.0,0.0317262830482114,1.7989110236244483,2961.359413561712,53.58131177870858,18666.127431149704,25271.35421715613,372746.0,-56.0,119955682.0,37346.10273972616,24198.033695504582,372819.0,0.0,119967201.0,37326.44710640947,24207.107921624927,372802.0,8.0,0,1,0,0,102816,102880,26.782320277689895,26.798991501018683,0.0,714.0,55.27578161455909,64.96988441114736,4221.085880397849,0,0,0,1,1,0,0,0,1.0,55.2843808338519,110.53968253968254,0.0317262830482115,0,0,0,0,0,0,3213,355164,3215,102,-1,6016,3213,0,0.0,0.0,0.0,0.0,0.0,0.0,0.0,0.0,BENIGN
192.168.0.142,192.168.0.141,6,119980456,1194,1195,62192.0,0.0,104.0,52.0,52.08710217755444,2.1273261758491384,0.0,0.0,0.0,0.0,518.3510887806594,19.911576265387755,50243.07202680075,39816.84525156433,242762.0,6.0,119897755.0,100501.05196982404,9996.761286559322,242773.0,21435.0,119980456.0,100486.14405360135,34364.62222167704,309461.0,5591.0,0,0,0,0,38208,38240,9.95162078730556,9.959955478082197,0.0,104.0,26.021757322175706,26.092334263789,680.8099073332974,0,0,0,0,1,0,0,0,1.0,26.0326496442026,52.08710217755444,0.0,0,0,0,0,0,0,1194,62192,1195,0,-1,695,1194,0,0.0,0.0,0.0,0.0,0.0,0.0,0.0,0.0,BENIGN
192.168.0.141,192.168.0.142,6,119905573,1381,1358,2277282.0,1889.0,2795.0,441.0,1649.009413468502,512.84587259893,1889.0,0.0,1.391016200294552,51.26040969750832,19008.0489419787,22.842974946627372,43793.12381300216,53750.57757613407,291740.0,-122.0,119798347.0,86810.39637681164,44672.27557941509,291765.0,0.0,119905573.0,88360.77597641856,43631.928523314666,291766.0,5.0,0,1,0,0,44192,44656,11.517396276484996,11.32557867014238,0.0,2795.0,832.5036496350368,901.5746941645526,812836.9291579066,0,0,0,1,1,0,0,0,0.0,832.8075940124132,1649.0094134685012,1.3910162002945508,0,0,0,0,0,0,1381,2277282,1358,1889,-1,477,1381,0,0.0,0.0,0.0,0.0,0.0,0.0,0.0,0.0,BENIGN
192.168.0.141,192.168.0.142,6,119903327,1385,1364,2279078.0,1889.0,2795.0,441.0,1645.54368231047,514.8665841042538,1889.0,0.0,1.3848973607038135,51.14754260342818,19023.38372979425,22.926803357174567,43632.94286753996,53791.1180361651,291752.0,-116.0,119799730.0,86560.49855491334,45051.466398755925,291764.0,0.0,119903327.0,87970.15920763019,44181.93796250016,291790.0,5.0,0,1,0,0,44320,44896,11.550972226150154,11.375831131024412,0.0,2795.0,830.129454545456,900.5221148147041,810940.079270347,0,0,0,1,1,0,0,0,0.0,830.4314296107675,1645.5436823104694,1.3848973607038124,0,0,0,0,0,0,1385,2279078,1364,1889,-1,477,1385,0,0.0,0.0,0.0,0.0,0.0,0.0,0.0,0.0,BENIGN
192.168.0.142,192.168.0.141,6,61455315,1,3,0.0,0.0,0.0,0.0,0.0,0.0,0.0,0.0,0.0,0.0,0.0,0.0650879423529112,20485105.0,35444834.54294184,61413274.0,15319.0,0.0,0.0,0.0,0.0,0.0,61455315.0,30727657.5,43417679.361641616,61428593.0,26722.0,0,0,0,0,32,96,0.0162719855882278,0.0488159567646834,0.0,0.0,0.0,0.0,0.0,0,0,0,0,1,0,0,0,3.0,0.0,0.0,0.0,0,0,0,0,0,0,1,0,3,0,-1,509,0,0,26722.0,0.0,26722.0,26722.0,61413274.0,0.0,61413274.0,61413274.0,BENIGN
192.168.0.141,192.168.0.142,6,62232119,3,5,0.0,0.0,0.0,0.0,0.0,0.0,0.0,0.0,0.0,0.0,0.0,0.1285509818490995,8890302.714285713,22820837.878814343,60636416.0,15.0,61427272.0,30713636.0,42317201.2999064,60636416.0,790856.0,62223152.0,15555788.0,30067835.59040219,60654130.0,27.0,0,0,0,0,96,160,0.0482066181934123,0.0803443636556871,0.0,0.0,0.0,0.0,0.0,0,0,0,0,1,0,0,0,1.0,0.0,0.0,0.0,0,0,0,0,0,0,3,0,5,0,-1,501,0,0,804847.0,0.0,804847.0,804847.0,60636416.0,0.0,60636416.0,60636416.0,BENIGN
192.168.0.141,192.168.0.142,6,72597533,3,5,0.0,0.0,0.0,0.0,0.0,0.0,0.0,0.0,0.0,0.0,0.0,0.1101965820243506,10371076.142857142,18395331.8163915,50399869.0,13.0,61556131.0,30778065.5,27749420.627919864,50399869.0,11156262.0,72463159.0,18115789.75,22150539.196561985,50414161.0,13.0,0,0,0,0,96,160,0.0413237182591314,0.0688728637652191,0.0,0.0,0.0,0.0,0.0,0,0,0,0,1,0,0,0,1.0,0.0,0.0,0.0,0,0,0,0,0,0,3,0,5,0,-1,501,0,0,4768.333333333334,8207.05168335946,14245.0,13.0,24149618.0,22733384.376346234,50399869.0,11021841.0,BENIGN
192.168.0.141,192.168.0.142,6,119980432,3198,3200,356388.0,102.0,918.0,102.0,111.44090056285192,52.55101437395609,102.0,0.0,0.0318749999999999,1.8031222920256929,2971.2345093073177,53.3253622557385,18755.73425042985,25381.071721933786,449726.0,-59.0,119945220.0,37518.05442602448,24293.477374997205,449860.0,0.0,119980432.0,37505.60550171922,24295.739991647908,449755.0,10.0,0,1,0,0,102336,102400,26.654346435425406,26.6710158203131,0.0,918.0,55.72620721987809,66.96935178591788,4484.894078626023,0,0,0,1,1,0,0,0,1.0,55.734917161613005,111.44090056285178,0.031875,0,0,0,0,0,0,3198,356388,3200,102,-1,6149,3198,0,0.0,0.0,0.0,0.0,0.0,0.0,0.0,0.0,BENIGN
192.168.0.141,192.168.0.142,6,119980414,3198,3200,356388.0,102.0,918.0,102.0,111.44090056285184,52.67472178721157,102.0,0.0,0.0318749999999999,1.8031222920256929,2971.2349550652493,53.3253702558486,18755.731436611,25360.712464710647,449810.0,-47.0,119945220.0,37518.05442602443,24238.858846612875,449860.0,0.0,119980414.0,37505.59987496097,24242.661013257228,449825.0,21.0,0,1,0,0,102336,102400,26.65435043423004,26.671019821618557,0.0,918.0,55.72620721987808,67.01789769376887,4491.39861129247,0,0,0,1,1,0,0,0,1.0,55.734917161613005,111.44090056285178,0.031875,0,0,0,0,0,0,3198,356388,3200,102,-1,6129,3198,0,0.0,0.0,0.0,0.0,0.0,0.0,0.0,0.0,BENIGN
192.168.0.141,192.168.0.142,6,119982704,3516,3309,472216.0,134.0,938.0,134.0,134.30489192263948,14.291351181546515,134.0,0.0,0.0404956180114838,2.329466207855098,3936.8174266184233,56.88319876504867,17582.45955451345,23555.473478529755,207650.0,-81.0,119944678.0,34123.663726884726,22725.01528253609,207691.0,0.0,119982704.0,36270.4667472793,21706.726704019777,207751.0,5.0,0,1,0,0,112512,106176,29.30422371544485,27.578975049603816,0.0,938.0,69.21828303545307,67.9044931087993,4611.020184362972,0,0,0,1,1,0,0,0,0.0,69.22842490842491,134.30489192263937,0.0404956180114838,0,0,0,0,0,0,3516,472216,3309,134,-1,1813,3516,0,0.0,0.0,0.0,0.0,0.0,0.0,0.0,0.0,BENIGN
192.168.0.142,192.168.0.141,6,119910177,1191,1193,62140.0,52.0,104.0,52.0,52.17464315701096,3.009742475281574,52.0,0.0,0.0435875943000838,1.5055081878237515,518.654892820315,19.881548502759696,50319.00000000005,40521.05819775679,224359.0,7.0,119801281.0,100673.34537815128,11455.530746124292,224359.0,10440.0,119910177.0,100595.78607382553,35707.74515313804,372037.0,3284.0,0,1,0,0,38112,38176,9.932434675665602,9.949113827094092,0.0,104.0,26.0981132075472,26.179147280058697,685.3477523110047,0,0,0,1,1,0,0,0,1.0,26.109060402684563,52.17464315701091,0.0435875943000838,0,0,0,0,0,0,1191,62140,1193,52,-1,695,1191,0,0.0,0.0,0.0,0.0,0.0,0.0,0.0,0.0,BENIGN
192.168.0.141,192.168.0.142,6,119967190,1361,1337,2274847.0,1897.0,1905.0,441.0,1671.4526083761957,491.6644608407779,1897.0,0.0,1.4188481675392677,51.880198282408166,18978.055583364083,22.48948233262778,44481.716722283934,53677.95398526616,277717.0,-95.0,119865559.0,88136.44044117654,43182.71672209264,277807.0,0.0,119967190.0,89795.80089820338,41913.499092792605,277729.0,5.0,0,1,0,0,43552,43864,11.344768515458268,11.14471381716951,0.0,1905.0,844.2537977028518,905.9769847748069,820794.2969416507,0,0,0,1,1,0,0,0,0.0,844.5667160859896,1671.452608376194,1.418848167539267,0,0,0,0,0,0,1361,2274847,1337,1897,-1,477,1361,0,0.0,0.0,0.0,0.0,0.0,0.0,0.0,0.0,BENIGN
192.168.0.141,192.168.0.142,6,119967211,1367,1341,2275729.0,1897.0,2787.0,441.0,1664.7615215801022,497.71759461984936,1897.0,0.0,1.41461595824012,51.8027651074873,18985.404270171788,22.572834505588364,44317.40339859614,53843.93584143967,277775.0,-85.0,119865559.0,87749.31112737919,43987.89253670091,277807.0,0.0,119967211.0,89527.76940298513,42728.18989429373,277839.0,5.0,0,1,0,0,43744,44016,11.394780195398557,11.178054310189806,0.0,2787.0,841.4629014396459,904.6079729677753,818315.5847568669,0,0,0,1,1,0,0,0,0.0,841.7736336779911,1664.7615215801025,1.4146159582401192,0,0,0,0,0,0,1367,2275729,1341,1897,-1,477,1367,0,0.0,0.0,0.0,0.0,0.0,0.0,0.0,0.0,BENIGN
192.168.0.142,192.168.0.141,6,61564036,1,3,0.0,0.0,0.0,0.0,0.0,0.0,0.0,0.0,0.0,0.0,0.0,0.0649729981965444,20521345.333333336,35428070.20075898,61430104.0,9901.0,0.0,0.0,0.0,0.0,0.0,61564036.0,30782018.0,43518345.20433168,61554135.0,9901.0,0,0,0,0,32,96,0.0162432495491361,0.0487297486474083,0.0,0.0,0.0,0.0,0.0,0,0,0,0,1,0,0,0,3.0,0.0,0.0,0.0,0,0,0,0,0,0,1,0,3,0,-1,509,0,0,9901.0,0.0,9901.0,9901.0,61430104.0,0.0,61430104.0,61430104.0,BENIGN
192.168.0.141,192.168.0.142,6,72538504,3,5,0.0,0.0,0.0,0.0,0.0,0.0,0.0,0.0,0.0,0.0,0.0,0.1102862556966986,10362643.428571427,18402498.39096405,50403990.0,15.0,61501977.0,30750988.5,27793541.26263878,50403990.0,11097987.0,72463765.0,18115941.25,22152028.3169114,50416783.0,15.0,0,0,0,0,96,160,0.041357345886262,0.0689289098104366,0.0,0.0,0.0,0.0,0.0,0,0,0,0,1,0,0,0,1.0,0.0,0.0,0.0,0,0,0,0,0,0,3,0,5,0,-1,501,0,0,4269.333333333334,7360.928632539058,12769.0,15.0,24150319.0,22736346.0300797,50403990.0,11023224.0,BENIGN
192.168.0.141,192.168.0.142,6,62240755,3,5,0.0,0.0,0.0,0.0,0.0,0.0,0.0,0.0,0.0,0.0,0.0,0.1285331452036531,8891536.42857143,22768839.374709558,60520064.0,19.0,61320240.0,30660120.0,42228337.77650113,60520064.0,800176.0,62227803.0,15556950.75,30066189.25839329,60652797.0,19.0,0,0,0,0,96,160,0.0481999294513699,0.0803332157522832,0.0,0.0,0.0,0.0,0.0,0,0,0,0,1,0,0,0,1.0,0.0,0.0,0.0,0,0,0,0,0,0,3,0,5,0,-1,501,0,0,920515.0,0.0,920515.0,920515.0,60520064.0,0.0,60520064.0,60520064.0,BENIGN
192.168.0.141,192.168.0.142,6,119967839,3500,3272,469938.0,134.0,938.0,134.0,134.26800000000037,13.776900117607322,134.0,0.0,0.0409535452322738,2.342600064271465,3918.316808223911,56.44846199155092,17717.890858071147,23862.594194325677,208377.0,-85.0,119924842.0,34274.033152329284,23199.16347250356,208447.0,0.0,119967839.0,36676.19657597066,22093.04860846701,208406.0,5.0,0,1,0,0,112000,104956,29.174485671947465,27.273976319603456,0.0,938.0,69.42359368079136,67.82665018812837,4600.454475742734,0,0,0,1,1,0,0,0,0.0,69.43384524512699,134.268,0.0409535452322738,0,0,0,0,0,0,3500,469938,3272,134,-1,1836,3500,0,0.0,0.0,0.0,0.0,0.0,0.0,0.0,0.0,BENIGN
192.168.0.141,192.168.0.142,6,119966331,3198,3200,354960.0,102.0,918.0,102.0,110.99437148217648,48.91160053059392,102.0,0.0,0.0318749999999999,1.8031222920256929,2959.68041233169,53.33163018880689,18753.52993590744,25103.28742492475,399828.0,-57.0,119933368.0,37514.34720050047,23700.69736408604,399875.0,0.0,119966331.0,37501.19756173804,23706.03011138747,399863.0,7.0,0,1,0,0,102336,102400,26.657479422288908,26.674150766517982,0.0,918.0,55.50304735114874,65.38774111496483,4275.556688117662,0,0,0,1,1,0,0,0,1.0,55.51172241325414,110.99437148217636,0.031875,0,0,0,0,0,0,3198,354960,3200,102,-1,6157,3198,0,0.0,0.0,0.0,0.0,0.0,0.0,0.0,0.0,BENIGN
192.168.0.141,192.168.0.142,6,119966347,3196,3198,354960.0,102.0,918.0,102.0,111.0638297872339,48.91460086726862,102.0,0.0,0.0318949343339586,1.8036860320088357,2959.680017596935,53.29828039191691,18765.26622868761,25126.171409877297,399813.0,-62.0,119933368.0,37537.83035993746,23742.761324110837,399874.0,0.0,119966347.0,37524.66280888317,23749.531340284106,399875.0,9.0,0,1,0,0,102272,102336,26.64080452495565,26.657475866961256,0.0,918.0,55.53776387802958,65.41832571762389,4279.557339697131,0,0,0,1,1,0,0,0,1.0,55.54644979668439,111.06382978723404,0.0318949343339587,0,0,0,0,0,0,3196,354960,3198,102,-1,6149,3196,0,0.0,0.0,0.0,0.0,0.0,0.0,0.0,0.0,BENIGN
192.168.0.142,192.168.0.141,6,119998739,1193,1194,62192.0,52.0,104.0,52.0,52.13076278290028,2.605428156254873,52.0,0.0,0.0435510887772194,1.5048776084504043,518.7054507297781,19.89187569712712,50292.849538977374,39754.75961218527,226802.0,6.0,119898311.0,100585.83137583884,10098.435292797089,226802.0,26322.0,119912235.0,100513.1894383906,34779.77366910473,324206.0,5311.0,0,1,0,0,38176,38208,9.94177113811171,9.950104559015408,0.0,104.0,26.087102177554456,26.135654321055807,683.0724267897231,0,0,0,1,1,0,0,0,1.0,26.098031001256807,52.13076278290025,0.0435510887772194,0,0,0,0,0,0,1193,62192,1194,52,-1,695,1193,0,0.0,0.0,0.0,0.0,0.0,0.0,0.0,0.0,BENIGN
192.168.0.141,192.168.0.142,6,119986347,1371,1349,2277602.0,1897.0,1913.0,441.0,1661.270605397521,509.6242931316416,1897.0,0.0,1.4062268346923654,51.64893324562873,18997.98649591357,22.6692458601144,44128.8514159617,54216.72849441604,258001.0,-100.0,119885586.0,87507.72700729915,45128.05344468428,258016.0,0.0,119986347.0,89010.64317507419,44153.11456764158,258024.0,5.0,0,1,0,0,43872,44380,11.426300027285604,11.242945832828797,0.0,1913.0,838.4402793090759,906.2504264796954,821289.8354946298,0,0,0,1,1,0,0,0,0.0,838.7485294117647,1661.27060539752,1.4062268346923648,0,0,0,0,0,0,1371,2277602,1349,1897,-1,477,1371,0,0.0,0.0,0.0,0.0,0.0,0.0,0.0,0.0,BENIGN
192.168.0.141,192.168.0.142,6,119988401,1385,1354,2276231.0,1897.0,1913.0,441.0,1643.4880866426022,520.7098229261517,1897.0,0.0,1.4010339734121129,51.55348143009136,18986.235177848564,22.82720643972912,43823.37509130747,54358.45839945368,243795.0,-79.0,119883632.0,86621.12138728329,46249.33112457336,243800.0,0.0,119988401.0,88683.2232076866,44962.85399082712,243821.0,6.0,0,1,0,0,44320,44504,11.542782372772848,11.284424066956271,0.0,1913.0,832.1259124087594,901.5308577024064,812757.8873896367,0,0,0,1,1,0,0,0,0.0,832.429718875502,1643.4880866425992,1.4010339734121122,0,0,0,0,0,0,1385,2276231,1354,1897,-1,477,1385,0,0.0,0.0,0.0,0.0,0.0,0.0,0.0,0.0,BENIGN
192.168.0.142,192.168.0.141,6,61572490,1,3,0.0,0.0,0.0,0.0,0.0,0.0,0.0,0.0,0.0,0.0,0.0,0.0649640773014052,20524163.333333336,35421436.819740444,61425259.0,14740.0,0.0,0.0,0.0,0.0,0.0,61572490.0,30786245.0,43517479.70563151,61557750.0,14740.0,0,0,0,0,32,96,0.0162410193253513,0.0487230579760539,0.0,0.0,0.0,0.0,0.0,0,0,0,0,1,0,0,0,3.0,0.0,0.0,0.0,0,0,0,0,0,0,1,0,3,0,-1,509,0,0,14740.0,0.0,14740.0,14740.0,61425259.0,0.0,61425259.0,61425259.0,BENIGN
192.168.0.141,192.168.0.142,6,72494892,3,5,0.0,0.0,0.0,0.0,0.0,0.0,0.0,0.0,0.0,0.0,0.0,0.1103526024978422,10356413.142857142,18399536.319739103,50389383.0,11.0,61444184.0,30722092.0,27813749.66733831,50389383.0,11054801.0,72461696.0,18115424.0,22153219.004959453,50418418.0,11.0,0,0,0,0,96,160,0.0413822259366908,0.0689703765611513,0.0,0.0,0.0,0.0,0.0,0,0,0,0,1,0,0,0,1.0,0.0,0.0,0.0,0,0,0,0,0,0,3,0,5,0,-1,501,0,0,9682.0,16742.869736099605,29015.0,11.0,24144216.666666668,22728980.7712665,50389383.0,11021585.0,BENIGN
192.168.0.141,192.168.0.142,6,62241667,3,5,0.0,0.0,0.0,0.0,0.0,0.0,0.0,0.0,0.0,0.0,0.0,0.1285312618635359,8891666.714285715,22824584.37096085,60646318.0,8.0,61449493.0,30724746.5,42315492.22281627,60646318.0,803175.0,62224095.0,15556023.75,30070504.80559609,60658384.0,8.0,0,0,0,0,96,160,0.0481992231988259,0.0803320386647099,0.0,0.0,0.0,0.0,0.0,0,0,0,0,1,0,0,0,1.0,0.0,0.0,0.0,0,0,0,0,0,0,3,0,5,0,-1,501,0,0,792174.0,0.0,792174.0,792174.0,60646318.0,0.0,60646318.0,60646318.0,BENIGN
192.168.0.141,192.168.0.142,6,119962783,3505,3018,472216.0,134.0,1340.0,134.0,134.72639087018558,26.096384662984573,134.0,0.0,0.0444002650762094,2.439187471313355,3937.4711738723167,54.37519734766406,18393.557651027284,28867.55868258368,613040.0,-77.0,119920780.0,34223.96689497728,31830.799030836857,613134.0,0.0,119962783.0,39762.27477626781,30938.063616017705,613080.0,4.0,0,1,0,0,112160,96828,29.217394864872382,25.157802482791684,0.0,1340.0,72.42244022072329,69.84765155779515,4878.6944281391625,0,0,0,1,1,0,0,0,0.0,72.43354284838264,134.72639087018544,0.0444002650762094,0,0,0,0,0,0,3505,472216,3018,134,-1,1859,3505,0,0.0,0.0,0.0,0.0,0.0,0.0,0.0,0.0,BENIGN
192.168.0.141,192.168.0.142,6,119990596,2882,2884,356286.0,102.0,1020.0,102.0,123.62456627342134,78.38627061724559,102.0,0.0,0.0353675450762828,1.8993392529458355,2970.132759403912,48.05376581344758,20813.63330442329,32190.47562118941,613169.0,-55.0,119957167.0,41637.33668864976,34804.42303360133,613212.0,0.0,119990596.0,41620.04717308367,34803.3471585085,613180.0,8.0,0,1,0,0,92224,92288,24.01854892028372,24.035216893163863,0.0,1020.0,61.81550199410442,83.0104111233033,6890.728354859837,0,0,0,1,1,0,0,0,1.0,61.82622268470343,123.62456627342124,0.0353675450762829,0,0,0,0,0,0,2882,356286,2884,102,-1,6157,2882,0,0.0,0.0,0.0,0.0,0.0,0.0,0.0,0.0,BENIGN
192.168.0.141,192.168.0.142,6,119990610,2880,2882,356286.0,102.0,1020.0,102.0,123.71041666666665,79.30844391777315,102.0,0.0,0.0353920888272032,1.8999981737819445,2970.1324128613064,48.02042426486539,20828.087137649745,32230.13178012053,613140.0,-72.0,119957167.0,41666.26154914893,34869.49890791333,613212.0,0.0,119990610.0,41648.94481082952,34868.866337263,613163.0,11.0,0,1,0,0,92160,92224,24.001878146965,24.018546117900392,0.0,1020.0,61.85840707964598,83.47870140977437,6968.693589062265,0,0,0,1,1,0,0,0,1.0,61.86914265879903,123.71041666666666,0.0353920888272033,0,0,0,0,0,0,2880,356286,2882,102,-1,6149,2880,0,0.0,0.0,0.0,0.0,0.0,0.0,0.0,0.0,BENIGN
192.168.0.142,192.168.0.141,6,119989200,1168,1168,62348.0,0.0,208.0,52.0,53.38013698630143,10.1173584439582,0.0,0.0,0.0,0.0,519.6134318755355,19.46841882436086,51387.23768736612,41969.30756957229,291996.0,-7.0,119898461.0,102740.75492716384,25172.09190914125,291996.0,10165.0,119932152.0,102769.62467866315,53753.3092924509,771118.0,0.0,0,0,0,0,37376,37388,9.73420941218043,9.73420941218043,0.0,208.0,26.67864783910994,27.636953997375844,763.8012262530686,0,0,0,0,1,0,0,0,1.0,26.690068493150687,53.38013698630137,0.0,0,0,0,0,0,0,1168,62348,1168,0,-1,744,1168,0,0.0,0.0,0.0,0.0,0.0,0.0,0.0,0.0,BENIGN
192.168.0.141,192.168.0.142,6,119988718,1419,1398,2282775.0,1905.0,2896.0,441.0,1608.7209302325566,535.8947275525284,1905.0,0.0,1.3626609442060076,50.94967221398436,19040.790151620757,23.47720724876817,42609.62997159094,56418.66636418091,611237.0,-112.0,119886046.0,84545.87165021144,52727.90886761598,611246.0,0.0,119988718.0,85890.27773800993,52169.79133913004,611282.0,5.0,0,1,0,0,45408,46032,11.826111851615916,11.651095397152256,0.0,2896.0,811.4212207239162,890.0204213256247,792136.3503766425,0,0,0,1,1,0,0,0,0.0,811.7092651757189,1608.7209302325582,1.3626609442060085,0,0,0,0,0,0,1419,2282775,1398,1905,-1,477,1419,0,0.0,0.0,0.0,0.0,0.0,0.0,0.0,0.0,BENIGN
192.168.0.141,192.168.0.142,6,119989989,1445,1419,2280413.0,1905.0,1913.0,441.0,1578.1404844290678,546.4735311780055,1905.0,0.0,1.3424947145877368,50.5712609224809,19020.903485539948,23.868657909452764,41910.57946210268,56554.58764186686,611224.0,-125.0,119887107.0,83024.31232686965,54165.88553910772,611246.0,0.0,119989989.0,84619.17418899859,53495.99510002304,611296.0,6.0,0,1,0,0,46240,46668,12.042671326522084,11.825986582930682,0.0,1913.0,797.2855148342039,879.6501991826569,773784.472922088,0,0,0,1,1,0,0,0,0.0,797.5638966480446,1578.1404844290655,1.342494714587738,0,0,0,0,0,0,1445,2280413,1419,1905,-1,477,1445,0,0.0,0.0,0.0,0.0,0.0,0.0,0.0,0.0,BENIGN
192.168.0.142,192.168.0.141,6,61472297,1,3,0.0,0.0,0.0,0.0,0.0,0.0,0.0,0.0,0.0,0.0,0.0,0.0650699615145339,20490765.666666664,35446657.1227677,61421039.0,18934.0,0.0,0.0,0.0,0.0,0.0,61472297.0,30736148.5,43440701.34422349,61453363.0,18934.0,0,0,0,0,32,96,0.0162674903786334,0.0488024711359004,0.0,0.0,0.0,0.0,0.0,0,0,0,0,1,0,0,0,3.0,0.0,0.0,0.0,0,0,0,0,0,0,1,0,3,0,-1,509,0,0,18934.0,0.0,18934.0,18934.0,61421039.0,0.0,61421039.0,61421039.0,BENIGN
192.168.0.141,192.168.0.142,6,72481548,3,5,0.0,0.0,0.0,0.0,0.0,0.0,0.0,0.0,0.0,0.0,0.0,0.1103729186357885,10354506.857142858,18406877.119459037,50403939.0,17.0,61450255.0,30725127.5,27830042.11468363,50403939.0,11046316.0,72454529.0,18113632.25,22152988.19606475,50416742.0,25.0,0,0,0,0,96,160,0.0413898444884206,0.0689830741473678,0.0,0.0,0.0,0.0,0.0,0,0,0,0,1,0,0,0,1.0,0.0,0.0,0.0,0,0,0,0,0,0,3,0,5,0,-1,501,0,0,4276.0,7369.877271705412,12786.0,17.0,24147233.666666668,22738973.841849644,50403939.0,11018482.0,BENIGN
192.168.0.141,192.168.0.142,6,62282809,3,5,0.0,0.0,0.0,0.0,0.0,0.0,0.0,0.0,0.0,0.0,0.0,0.128446358288047,8897544.142857142,22802967.755944885,60603543.0,16.0,61451283.0,30725641.5,42253733.51654744,60603543.0,847740.0,62218480.0,15554620.0,30070250.79107479,60656616.0,16.0,0,0,0,0,96,160,0.0481673843580176,0.0802789739300293,0.0,0.0,0.0,0.0,0.0,0,0,0,0,1,0,0,0,1.0,0.0,0.0,0.0,0,0,0,0,0,0,3,0,5,0,-1,501,0,0,831526.0,0.0,831526.0,831526.0,60603543.0,0.0,60603543.0,60603543.0,BENIGN
192.168.0.141,192.168.0.142,6,119984348,3055,3057,355266.0,102.0,816.0,102.0,116.29001636661206,61.49425901481368,102.0,0.0,0.0333660451422962,1.844813433524977,2961.7863156617727,50.939977604412206,19634.159384716044,27782.62238748927,419800.0,-40.0,119967115.0,39281.96299934508,27884.47555721327,419836.0,0.0,119984348.0,39261.89397905747,27887.05136193837,419817.0,24.0,0,1,0,0,97760,97824,25.46165438178653,25.478323222625672,0.0,816.0,58.14984459348925,72.59788339761839,5270.452673814197,0,0,0,1,1,0,0,0,1.0,58.159358638743456,116.29001636661212,0.0333660451422963,0,0,0,0,0,0,3055,355266,3057,102,-1,6157,3055,0,0.0,0.0,0.0,0.0,0.0,0.0,0.0,0.0,BENIGN
192.168.0.141,192.168.0.142,6,119984364,3052,3054,355266.0,102.0,816.0,102.0,116.40432503276551,62.18868599394701,102.0,0.0,0.0333988212180745,1.845719308086579,2961.785920705468,50.88996429568106,19653.45847665841,28023.027474942075,419779.0,-73.0,119967116.0,39320.58865945601,28345.130824649284,419836.0,0.0,119984364.0,39300.4795283327,28350.67964574183,419817.0,7.0,0,1,0,0,97664,97740,25.43664772853236,25.4533165671487,0.0,816.0,58.20697560176843,72.93843158650493,5320.014802299261,0,0,0,1,1,0,0,0,1.0,58.21650835244022,116.4043250327654,0.0333988212180746,0,0,0,0,0,0,3052,355266,3054,102,-1,6149,3052,0,0.0,0.0,0.0,0.0,0.0,0.0,0.0,0.0,BENIGN
192.168.0.141,192.168.0.142,6,119993398,3506,3196,471680.0,134.0,1072.0,134.0,134.53508271534497,22.400097977330613,134.0,0.0,0.0419274092615769,2.3702896112187,3931.9996588478975,55.85307284989129,17906.78973287563,25352.087017280344,322863.0,-96.0,119993333.0,34234.90242510697,25957.02804607585,323023.0,0.0,119993398.0,37556.6190923317,24793.64199977179,322914.0,4.0,0,1,0,0,112192,102548,29.218274158716632,26.63479869117466,0.0,1072.0,70.40847381769359,69.12395243014812,4778.120799565381,0,0,0,1,1,0,0,0,0.0,70.41897940913161,134.5350827153451,0.0419274092615769,0,0,0,0,0,0,3506,471680,3196,134,-1,1859,3506,0,0.0,0.0,0.0,0.0,0.0,0.0,0.0,0.0,BENIGN
192.168.0.142,192.168.0.141,6,119994040,1185,1186,62192.0,0.0,104.0,52.0,52.48270042194093,4.988830036591217,0.0,0.0,0.0,0.0,518.2924085229566,19.75931471263073,50630.39662447268,40824.12786074178,255364.0,6.0,119903167.0,101269.566722973,17324.068417957336,255364.0,14039.0,119994040.0,101260.79324894505,42201.19584342552,498684.0,119.0,0,0,0,0,37920,37952,9.875490482693976,9.883824229936751,0.0,104.0,26.219224283305262,26.482576682105744,701.3268677236109,0,0,0,0,1,0,0,0,1.0,26.23028258118937,52.482700421940926,0.0,0,0,0,0,0,0,1185,62192,1186,0,-1,744,1185,0,0.0,0.0,0.0,0.0,0.0,0.0,0.0,0.0,BENIGN
192.168.0.141,192.168.0.142,6,119981724,1376,1360,2278285.0,1905.0,2811.0,441.0,1655.7303779069737,504.3011185394576,1905.0,0.0,1.400735294117646,51.65656526806753,19004.477715289373,22.803472968933168,43869.00329067644,54793.71265474238,322932.0,-180.0,119883039.0,87187.66472727271,46843.86924744414,323015.0,0.0,119981724.0,88286.77262693156,46151.27351339028,322963.0,5.0,0,1,0,0,44032,44672,11.468413306013172,11.335059662919996,0.0,2811.0,833.7943003288269,902.0718933254368,813733.7007277381,0,0,0,1,1,0,0,0,0.0,834.0990497076024,1655.7303779069769,1.400735294117647,0,0,0,0,0,0,1376,2278285,1360,1905,-1,479,1376,0,0.0,0.0,0.0,0.0,0.0,0.0,0.0,0.0,BENIGN
192.168.0.141,192.168.0.142,6,119956800,1397,1380,2280150.0,1905.0,2779.0,441.0,1632.1760916249125,518.8665094635422,1905.0,0.0,1.380434782608695,51.28087617104029,19023.973630506986,23.150000666906752,43212.10374639765,54733.9181626439,322924.0,-166.0,119883039.0,85876.10243553016,47928.6613483712,323015.0,0.0,119956800.0,86988.25235678021,47331.74670843903,322985.0,5.0,0,1,0,0,44704,45336,11.645859175970015,11.504141490936735,0.0,2779.0,822.1598272138224,895.4972291267475,801915.2873736824,0,0,0,1,1,0,0,0,0.0,822.4558876485416,1632.1760916249104,1.3804347826086956,0,0,0,0,0,0,1397,2280150,1380,1905,-1,477,1397,0,0.0,0.0,0.0,0.0,0.0,0.0,0.0,0.0,BENIGN
192.168.0.142,192.168.0.141,6,61452449,1,3,0.0,0.0,0.0,0.0,0.0,0.0,0.0,0.0,0.0,0.0,0.0,0.0650909779039074,20484149.666666664,35457513.85220941,61426960.0,12451.0,0.0,0.0,0.0,0.0,0.0,61452449.0,30726224.5,43435004.89199425,61439411.0,13038.0,0,0,0,0,32,96,0.0162727444759768,0.0488182334279305,0.0,0.0,0.0,0.0,0.0,0,0,0,0,1,0,0,0,3.0,0.0,0.0,0.0,0,0,0,0,0,0,1,0,3,0,-1,509,0,0,13038.0,0.0,13038.0,13038.0,61426960.0,0.0,61426960.0,61426960.0,BENIGN
192.168.0.141,192.168.0.142,6,62234960,3,5,0.0,0.0,0.0,0.0,0.0,0.0,0.0,0.0,0.0,0.0,0.0,0.128545113550326,8890708.57142857,22803179.067249764,60597348.0,14.0,61366318.0,30683159.0,42305051.791192055,60597348.0,768970.0,62219742.0,15554935.5,30089740.101271182,60686287.0,37.0,0,0,0,0,96,160,0.0482044175813722,0.0803406959689537,0.0,0.0,0.0,0.0,0.0,0,0,0,0,1,0,0,0,1.0,0.0,0.0,0.0,0,0,0,0,0,0,3,0,5,0,-1,501,0,0,868642.0,0.0,868642.0,868642.0,60597348.0,0.0,60597348.0,60597348.0,BENIGN
192.168.0.141,192.168.0.142,6,72473534,3,5,0.0,0.0,0.0,0.0,0.0,0.0,0.0,0.0,0.0,0.0,0.0,0.110385123485216,10353362.0,18413295.82918424,50421682.0,3.0,61429199.0,30714599.5,27870023.34630548,50421682.0,11007517.0,72459706.0,18114926.5,22169966.47274039,50446306.0,24.0,0,0,0,0,96,160,0.0413944213069559,0.0689907021782599,0.0,0.0,0.0,0.0,0.0,0,0,0,0,1,0,0,0,1.0,0.0,0.0,0.0,0,0,0,0,0,0,3,0,5,0,-1,501,0,0,8216.0,14207.150629172622,24621.0,3.0,24145019.33333333,22756261.110414192,50421682.0,10993686.0,BENIGN
192.168.0.141,192.168.0.142,6,119991549,3082,3084,356388.0,102.0,1122.0,102.0,115.63530175210887,63.57518372328404,102.0,0.0,0.0330739299610894,1.8367201354673264,2970.9592298037587,51.38695225944621,19463.349391727446,27336.48883692714,591576.0,-14.0,119957378.0,38934.55955858485,27236.284112835638,591646.0,1.0,119991549.0,38920.38566331485,27236.646728202453,591591.0,6.0,0,1,0,0,98624,98688,25.685142209473437,25.701810049972767,0.0,1122.0,57.82260418355778,73.22952104188231,5362.562752023483,0,0,0,1,1,0,0,0,1.0,57.83198183587415,115.63530175210902,0.0330739299610894,0,0,0,0,0,0,3082,356388,3084,102,-1,6175,3082,0,0.0,0.0,0.0,0.0,0.0,0.0,0.0,0.0,BENIGN
192.168.0.141,192.168.0.142,6,119991569,3080,3082,356388.0,102.0,1122.0,102.0,115.7103896103895,64.00437847237554,102.0,0.0,0.0330953926022062,1.8373159895415476,2970.958734609096,51.35360801891007,19475.98912514199,27446.70107606989,591643.0,-4.0,119957378.0,38959.84995128286,27450.213090863497,591646.0,1.0,119991569.0,38945.65692956833,27452.840972779948,591648.0,22.0,0,1,0,0,98560,98624,25.66847009059445,25.685137928315616,0.0,1122.0,57.86013305208516,73.44564969454647,5394.263459054034,0,0,0,1,1,0,0,0,1.0,57.86952288218111,115.7103896103896,0.0330953926022063,0,0,0,0,0,0,3080,356388,3082,102,-1,6166,3080,0,0.0,0.0,0.0,0.0,0.0,0.0,0.0,0.0,BENIGN
192.168.0.141,192.168.0.142,6,119993072,3520,3254,471814.0,134.0,268.0,134.0,134.03806818181812,2.258569539251857,134.0,0.0,0.0411800860479409,2.3490703545070915,3933.127072536321,56.45325923483316,17716.384467739626,26226.964405214927,591391.0,-106.0,119957448.0,34088.50468883195,27741.27830404519,591438.0,0.0,119993072.0,36886.895788502974,27009.98606028018,591426.0,5.0,0,1,0,0,112640,104452,29.33502694222213,27.118232292611022,0.0,268.0,69.67999999999971,66.99089988391826,4487.78066725716,0,0,0,1,1,0,0,0,0.0,69.69028638913493,134.03806818181818,0.0411800860479409,0,0,0,0,0,0,3520,471814,3254,134,-1,1881,3520,0,0.0,0.0,0.0,0.0,0.0,0.0,0.0,0.0,BENIGN
192.168.0.142,192.168.0.141,6,119993101,1184,1186,62348.0,52.0,156.0,52.0,52.65878378378378,7.5305042466287855,52.0,0.0,0.0438448566610455,1.5099445507615057,520.0298973855172,19.751135525699933,50651.3723089911,41142.991785774415,355126.0,0.0,119878483.0,101334.30515638214,19734.837440665884,355126.0,17934.0,119993101.0,101260.00084388192,42241.26408106632,591440.0,0.0,0,1,0,0,37888,37952,9.867233950391864,9.883901575308068,0.0,156.0,26.33994095318433,26.86646151353234,721.8067542581143,0,0,0,1,1,0,0,0,1.0,26.35105485232068,52.65878378378378,0.0438448566610455,0,0,0,0,0,0,1184,62348,1186,52,-1,804,1184,0,0.0,0.0,0.0,0.0,0.0,0.0,0.0,0.0,BENIGN
192.168.0.141,192.168.0.142,6,119932208,1379,1351,2272193.0,1897.0,2896.0,356.0,1647.710659898478,508.81902990264985,1897.0,0.0,1.404145077720208,51.61068893587093,18961.461961911016,22.762859498092457,43947.30963722961,55416.99423573001,591414.0,-102.0,119828892.0,86958.55732946296,48379.69231978572,591441.0,0.0,119932208.0,88838.6725925925,47275.77850234912,591459.0,5.0,0,1,0,0,44128,44324,11.498162361856958,11.264697136235498,0.0,2896.0,833.3896008787995,899.9572121421603,809922.9836866893,0,0,0,1,1,0,0,0,0.0,833.6948717948718,1647.7106598984772,1.4041450777202074,0,0,0,0,0,0,1379,2272193,1351,1897,-1,477,1379,0,0.0,0.0,0.0,0.0,0.0,0.0,0.0,0.0,BENIGN
192.168.0.141,192.168.0.142,6,119937834,1385,1351,2269459.0,1897.0,1905.0,449.0,1638.5985559566768,509.5846906396706,1897.0,0.0,1.404145077720208,51.61068893587093,18937.777382239536,22.811817662139877,43852.95575868384,55397.84921084818,591393.0,-302.0,119838093.0,86588.21748554903,48936.067686464885,591440.0,0.0,119937834.0,88842.84000000014,47510.65260434355,591461.0,6.0,0,1,0,0,44320,44252,11.54764892619288,11.264168735946992,0.0,1905.0,830.5637559371556,896.1500384940601,803084.8914929054,0,0,0,1,1,0,0,0,0.0,830.8673245614035,1638.5985559566786,1.4041450777202074,0,0,0,0,0,0,1385,2269459,1351,1897,-1,477,1385,0,0.0,0.0,0.0,0.0,0.0,0.0,0.0,0.0,BENIGN
192.168.0.142,192.168.0.141,6,61464658,1,3,0.0,0.0,0.0,0.0,0.0,0.0,0.0,0.0,0.0,0.0,0.0,0.0650780485917614,20488219.333333336,35452848.36594777,61425642.0,14378.0,0.0,0.0,0.0,0.0,0.0,61464658.0,30732329.0,43441742.912512176,61450280.0,14378.0,0,0,0,0,32,96,0.0162695121479403,0.0488085364438211,0.0,0.0,0.0,0.0,0.0,0,0,0,0,1,0,0,0,3.0,0.0,0.0,0.0,0,0,0,0,0,0,1,0,3,0,-1,509,0,0,14378.0,0.0,14378.0,14378.0,61425642.0,0.0,61425642.0,61425642.0,BENIGN
192.168.0.141,192.168.0.142,6,72444513,3,5,0.0,0.0,0.0,0.0,0.0,0.0,0.0,0.0,0.0,0.0,0.0,0.1104293433513729,10349216.142857144,18409155.10810865,50408310.0,4.0,61437303.0,30718651.5,27845382.089194693,50408310.0,11028993.0,72428672.0,18107168.0,22159390.673026294,50422874.0,4.0,0,0,0,0,96,160,0.0414110037567648,0.069018339594608,0.0,0.0,0.0,0.0,0.0,0,0,0,0,1,0,0,0,1.0,0.0,0.0,0.0,0,0,0,0,0,0,3,0,5,0,-1,501,0,0,4856.0,8394.38604068219,14549.0,4.0,24138034.666666668,22750728.107567377,50408310.0,10992657.0,BENIGN
192.168.0.141,192.168.0.142,6,62226211,3,5,0.0,0.0,0.0,0.0,0.0,0.0,0.0,0.0,0.0,0.0,0.0,0.1285631869824116,8889458.714285713,22753327.01539641,60483409.0,12.0,61294093.0,30647046.5,42194988.49938002,60483409.0,810684.0,62188703.0,15547175.75,30079264.06950372,60662845.0,12.0,0,0,0,0,96,160,0.0482111951184043,0.0803519918640072,0.0,0.0,0.0,0.0,0.0,0,0,0,0,1,0,0,0,1.0,0.0,0.0,0.0,0,0,0,0,0,0,3,0,5,0,-1,501,0,0,932118.0,0.0,932118.0,932118.0,60483409.0,0.0,60483409.0,60483409.0,BENIGN
192.168.0.141,192.168.0.142,6,119990428,3143,3145,355164.0,102.0,1020.0,102.0,113.00159083678008,57.38329421096503,102.0,0.0,0.0324324324324323,1.8188205266348012,2960.7861720436567,52.40418010676652,19085.48242404956,26775.18182739757,421387.0,-63.0,119953771.0,38177.52100572883,26657.768262910347,421403.0,0.0,119990428.0,38164.89440203569,26660.588195212636,421436.0,7.0,0,1,0,0,100576,100640,26.19375605527468,26.21042405149184,0.0,1020.0,56.506280807759566,69.5547590328673,4837.864504120234,0,0,0,1,1,0,0,0,1.0,56.51526717557252,113.00159083678015,0.0324324324324324,0,0,0,0,0,0,3143,355164,3145,102,-1,6166,3143,0,0.0,0.0,0.0,0.0,0.0,0.0,0.0,0.0,BENIGN
192.168.0.141,192.168.0.142,6,119990439,3143,3145,355164.0,102.0,1020.0,102.0,113.00159083678014,56.919787307723965,102.0,0.0,0.0324324324324323,1.8188205266348012,2960.785900616632,52.40417530266724,19085.484173691704,26764.2034802506,421375.0,-84.0,119953771.0,38177.52100572884,26624.65499322897,421403.0,0.0,119990439.0,38164.89790076341,26625.469312175766,421459.0,10.0,0,1,0,0,100576,100640,26.19375365398905,26.210421648678192,0.0,1020.0,56.506280807759616,69.36419264777385,4811.391221677483,0,0,0,1,1,0,0,0,1.0,56.51526717557252,113.00159083678015,0.0324324324324324,0,0,0,0,0,0,3143,355164,3145,102,-1,6175,3143,0,0.0,0.0,0.0,0.0,0.0,0.0,0.0,0.0,BENIGN
192.168.0.141,192.168.0.142,6,119985370,3503,3272,470474.0,134.0,938.0,134.0,134.306023408507,14.317840437684575,134.0,0.0,0.0409535452322738,2.342600064271465,3922.2115162873606,56.46521738441945,17712.63212282249,24609.10160676554,328395.0,-89.0,119953894.0,34252.968018275256,24668.73653000861,328464.0,0.0,119985370.0,36681.55609905234,23718.88486201857,328404.0,4.0,0,1,0,0,112096,104980,29.195226051309422,27.269991333110028,0.0,938.0,69.4719598583234,67.90262908395103,4610.767036512632,0,0,0,1,1,0,0,0,0.0,69.48221402214023,134.306023408507,0.0409535452322738,0,0,0,0,0,0,3503,470474,3272,134,-1,1904,3503,0,0.0,0.0,0.0,0.0,0.0,0.0,0.0,0.0,BENIGN
192.168.0.142,192.168.0.141,6,119995872,1189,1191,62192.0,52.0,104.0,52.0,52.30613961312027,3.979806475171676,52.0,0.0,0.0436607892527288,1.5067717282793354,518.7178438938299,19.83401562347078,50439.62673392184,40887.80245961715,276330.0,5.0,119895600.0,100922.22222222216,14745.426396008788,276330.0,11659.0,119901777.0,100757.79579831936,38046.810035379785,344180.0,6137.0,0,1,0,0,38048,38112,9.908674191725527,9.925341431745252,0.0,104.0,26.16379672406553,26.3089922902176,692.163075326729,0,0,0,1,1,0,0,0,1.0,26.174789915966382,52.306139613120266,0.0436607892527288,0,0,0,0,0,0,1189,62192,1191,52,-1,804,1189,0,0.0,0.0,0.0,0.0,0.0,0.0,0.0,0.0,BENIGN
192.168.0.141,192.168.0.142,6,119930955,1377,1358,2276317.0,1905.0,1905.0,441.0,1653.0987654320968,508.3812235281458,1905.0,0.0,1.402798232695139,51.69458998081177,18996.11322197843,22.8047879715458,43866.479517190994,53783.362971363735,346943.0,-115.0,119827983.0,87084.28997093033,44525.87090844074,346964.0,0.0,119930955.0,88379.48047162879,43649.75765519753,346981.0,5.0,0,1,0,0,44064,44608,11.481606229184116,11.323181742361678,0.0,1905.0,833.3797514619866,902.0902844672756,813766.8813302501,0,0,0,1,1,0,0,0,0.0,833.6844606946984,1653.0987654320988,1.4027982326951398,0,0,0,0,0,0,1377,2276317,1358,1905,-1,477,1377,0,0.0,0.0,0.0,0.0,0.0,0.0,0.0,0.0,BENIGN
192.168.0.141,192.168.0.142,6,119932454,1406,1376,2276333.0,1905.0,1905.0,441.0,1619.013513513513,530.4816335353402,1905.0,0.0,1.3844476744186038,51.355358238137576,18996.009203647245,23.196390194767464,43125.65767709455,53684.57801955278,339203.0,-100.0,119829484.0,85287.88896797145,45928.732321934505,339208.0,0.0,119932454.0,87223.60290909087,44757.87702786651,339260.0,6.0,0,1,0,0,44992,45184,11.723265497427407,11.473124697340054,0.0,1905.0,819.3111749910163,893.2825877850707,797953.7816399926,0,0,0,1,1,0,0,0,0.0,819.6056793673616,1619.0135135135135,1.3844476744186047,0,0,0,0,0,0,1406,2276333,1376,1905,-1,477,1406,0,0.0,0.0,0.0,0.0,0.0,0.0,0.0,0.0,BENIGN
192.168.0.142,192.168.0.141,6,61462892,1,3,0.0,0.0,0.0,0.0,0.0,0.0,0.0,0.0,0.0,0.0,0.0,0.0650799184652749,20487630.666666664,35345160.067784235,61300658.0,26894.0,0.0,0.0,0.0,0.0,0.0,61462892.0,30731446.0,43269428.061004825,61327552.0,135340.0,0,0,0,0,32,96,0.0162699796163187,0.0488099388489562,0.0,0.0,0.0,0.0,0.0,0,0,0,0,1,0,0,0,3.0,0.0,0.0,0.0,0,0,0,0,0,0,1,0,3,0,-1,509,0,0,135340.0,0.0,135340.0,135340.0,61300658.0,0.0,61300658.0,61300658.0,BENIGN
192.168.0.141,192.168.0.142,6,72461564,3,5,0.0,0.0,0.0,0.0,0.0,0.0,0.0,0.0,0.0,0.0,0.0,0.1104033581168631,10351652.0,18404017.084898207,50394933.0,7.0,61413000.0,30706500.0,27843648.970474,50394933.0,11018067.0,72455525.0,18113881.25,22157190.82048201,50424005.0,7.0,0,0,0,0,96,160,0.0414012592938236,0.0690020988230394,0.0,0.0,0.0,0.0,0.0,0,0,0,0,1,0,0,0,1.0,0.0,0.0,0.0,0,0,0,0,0,0,3,0,5,0,-1,501,0,0,9693.0,16762.789624641835,29049.0,7.0,24142148.666666668,22735578.462250225,50394933.0,11012005.0,BENIGN
192.168.0.141,192.168.0.142,6,62232763,3,5,0.0,0.0,0.0,0.0,0.0,0.0,0.0,0.0,0.0,0.0,0.0,0.1285496515717934,8890394.714285715,22826772.488568965,60650136.0,14.0,61439415.0,30719707.5,42328017.91233821,60650136.0,789279.0,62215516.0,15553879.0,30075636.65999921,60663999.0,23.0,0,0,0,0,96,160,0.0482061193394225,0.0803435322323709,0.0,0.0,0.0,0.0,0.0,0,0,0,0,1,0,0,0,1.0,0.0,0.0,0.0,0,0,0,0,0,0,3,0,5,0,-1,501,0,0,793348.0,0.0,793348.0,793348.0,60650136.0,0.0,60650136.0,60650136.0,BENIGN
192.168.0.142,192.168.0.141,6,61560650,1,3,0.0,0.0,0.0,0.0,0.0,0.0,0.0,0.0,0.0,0.0,0.0,0.0649765718847997,20520216.666666664,35417640.691909626,61416940.0,19057.0,0.0,0.0,0.0,0.0,0.0,61560650.0,30780325.0,43503002.401393496,61541593.0,19057.0,0,0,0,0,32,96,0.0162441429711999,0.0487324289135998,0.0,0.0,0.0,0.0,0.0,0,0,0,0,1,0,0,0,3.0,0.0,0.0,0.0,0,0,0,0,0,0,1,0,3,0,-1,509,0,0,19057.0,0.0,19057.0,19057.0,61416940.0,0.0,61416940.0,61416940.0,BENIGN
192.168.0.141,192.168.0.142,6,11031717,1,3,0.0,0.0,0.0,0.0,0.0,0.0,0.0,0.0,0.0,0.0,0.0,0.3625908822715448,3677239.0,6356498.161133927,11017086.0,9.0,0.0,0.0,0.0,0.0,0.0,11017095.0,5508547.5,7790249.855554345,11017086.0,9.0,0,0,0,0,32,96,0.0906477205678862,0.2719431617036586,0.0,0.0,0.0,0.0,0.0,0,0,0,0,1,0,0,0,3.0,0.0,0.0,0.0,0,0,0,0,0,0,1,0,3,0,-1,501,0,0,9.0,0.0,9.0,9.0,11017086.0,0.0,11017086.0,11017086.0,BENIGN
192.168.0.141,192.168.0.142,6,614077,7,8,11382.0,1897.0,1905.0,449.0,1626.0,545.335676441584,1897.0,0.0,237.12499999999997,670.6907819554403,21624.32398542854,24.426904117887496,43862.642857142855,52710.28371945758,112607.0,8.0,505896.0,84316.0,41808.02422502168,112645.0,245.0,614077.0,87725.28571428571,39318.44822605239,112637.0,23.0,0,1,0,0,224,256,11.399221921680832,13.027682196206666,0.0,1905.0,948.5,934.3182898063524,872950.6666666667,0,0,0,1,1,0,0,0,1.0,1011.7333333333332,1626.0,237.125,0,0,0,0,0,0,7,11382,8,1897,-1,477,7,0,0.0,0.0,0.0,0.0,0.0,0.0,0.0,0.0,BENIGN
192.168.0.141,192.168.0.142,6,798374,1,3,0.0,0.0,0.0,0.0,0.0,0.0,0.0,0.0,0.0,0.0,0.0,5.010183197348611,266124.6666666667,446030.8280661028,781060.0,14.0,0.0,0.0,0.0,0.0,0.0,781074.0,390537.0,552282.9230186281,781060.0,14.0,0,0,0,0,32,96,1.2525457993371527,3.7576373980114575,0.0,0.0,0.0,0.0,0.0,0,0,0,0,1,0,0,0,3.0,0.0,0.0,0.0,0,0,0,0,0,0,1,0,3,0,-1,501,0,0,0.0,0.0,0.0,0.0,0.0,0.0,0.0,0.0,BENIGN
192.168.0.141,192.168.0.142,6,1264066,37,39,3774.0,102.0,102.0,102.0,102.0,0.0,102.0,0.0,2.6153846153846145,16.333071688118885,3066.2955889961445,60.12344292149303,16854.21333333334,17342.54294400578,46368.0,34.0,1235253.0,34312.58333333333,3774.560601674623,46433.0,28356.0,1264066.0,33264.89473684211,6699.71668940933,46460.0,67.0,0,1,0,0,1184,1248,29.270623527568976,30.85281939392405,0.0,102.0,51.66233766233764,51.33010053350005,2634.7792207792213,0,0,0,1,1,0,0,0,1.0,52.3421052631579,102.0,2.6153846153846154,0,0,0,0,0,0,37,3774,39,102,-1,6228,37,0,0.0,0.0,0.0,0.0,0.0,0.0,0.0,0.0,BENIGN
192.168.0.141,192.168.0.142,6,1267061,37,39,4958.0,134.0,134.0,134.0,134.0,0.0,134.0,0.0,3.435897435897436,21.457172609881678,4018.748900013496,59.98132686587307,16894.146666666664,17519.190127441434,46849.0,34.0,1238317.0,34397.694444444445,4956.371033150563,46897.0,22394.0,1267061.0,33343.710526315794,7402.837132927008,46928.0,94.0,0,1,0,0,1184,1248,29.201435447859257,30.77989141801381,0.0,134.0,67.87012987012984,67.43366148518633,4547.298701298702,0,0,0,1,1,0,0,0,1.0,68.76315789473684,134.0,3.435897435897436,0,0,0,0,0,0,37,4958,39,134,-1,1904,37,0,0.0,0.0,0.0,0.0,0.0,0.0,0.0,0.0,BENIGN
192.168.0.142,192.168.0.141,6,1013341,10,12,520.0,52.0,52.0,52.0,52.0,0.0,52.0,0.0,4.333333333333334,15.011106998930268,564.469413553779,21.71036205976073,48254.33333333333,44062.35092608352,94805.0,5733.0,903133.0,100348.11111111112,78.36364661697945,100538.0,100276.0,1013341.0,92121.90909090907,28393.334793414266,103421.0,6687.0,0,1,0,0,320,384,9.868346390800331,11.842015668960398,0.0,52.0,27.1304347826087,26.55920375967296,705.3913043478261,0,0,0,1,1,0,0,0,1.0,28.363636363636363,52.0,4.333333333333333,0,0,0,0,0,0,10,520,12,52,-1,877,10,0,0.0,0.0,0.0,0.0,0.0,0.0,0.0,0.0,BENIGN
192.168.0.141,192.168.0.142,6,614093,6,8,11382.0,1897.0,1905.0,1889.0,1897.0,5.059644256269407,1897.0,0.0,237.12499999999997,670.6907819554403,21623.76057046734,22.797849837076797,47237.92307692307,53270.92157306451,108368.0,12.0,505651.0,101130.2,7322.873390957951,108400.0,88876.0,614093.0,87727.57142857142,39214.60760506278,108391.0,48.0,0,1,0,0,192,256,9.770507073032912,13.027342764043883,0.0,1905.0,1011.7333333333332,979.61125428601,959638.2095238096,0,0,0,1,1,0,0,0,1.0,1084.0,1897.0,237.125,0,0,0,0,0,0,6,11382,8,1897,-1,477,6,0,0.0,0.0,0.0,0.0,0.0,0.0,0.0,0.0,BENIGN
192.168.0.141,192.168.0.142,6,1264040,37,39,3774.0,102.0,102.0,102.0,102.0,0.0,102.0,0.0,2.6153846153846145,16.333071688118885,3066.3586595360907,60.12467959874687,16853.86666666668,17276.982421812078,40731.0,33.0,1235252.0,34312.55555555555,3176.289033667564,40788.0,28356.0,1264040.0,33264.210526315794,6402.959683711709,40832.0,78.0,0,1,0,0,1184,1248,29.27122559412677,30.853454004620104,0.0,102.0,51.66233766233764,51.33010053350005,2634.7792207792213,0,0,0,1,1,0,0,0,1.0,52.3421052631579,102.0,2.6153846153846154,0,0,0,0,0,0,37,3774,39,102,-1,6219,37,0,0.0,0.0,0.0,0.0,0.0,0.0,0.0,0.0,BENIGN
192.168.0.141,192.168.0.142,6,119967516,3514,3104,470876.0,134.0,134.0,134.0,134.0,0.0,134.0,0.0,0.0431701030927835,2.4051598313694185,3926.1461410937272,55.164933147403,18130.197370409613,27897.6036145804,339320.0,-104.0,119923141.0,34136.96014802154,30384.435829194423,339344.0,0.0,119967516.0,38661.78407992261,29505.864253358708,339361.0,4.0,0,1,0,0,112448,99580,29.29126247808615,25.87367066931685,0.0,134.0,71.18054086720026,66.87449991471416,4472.198738843105,0,0,0,1,1,0,0,0,0.0,71.19129646418858,134.0,0.0431701030927835,0,0,0,0,0,0,3514,470876,3104,134,-1,1904,3514,0,0.0,0.0,0.0,0.0,0.0,0.0,0.0,0.0,BENIGN
192.168.0.141,192.168.0.142,6,119965827,2803,2805,356286.0,102.0,1122.0,102.0,127.10881198715656,92.85619693476406,102.0,0.0,0.0363636363636362,1.925900025725867,2970.745994190496,46.74664560933673,21395.724451578368,33070.66194910952,460846.0,-43.0,119921284.0,42798.45967166311,35739.97251078596,460858.0,0.0,119965827.0,42783.81847360911,35735.03499471781,460860.0,8.0,0,1,0,0,89696,89760,23.364987097534037,23.381658511802694,0.0,1122.0,63.55678374041723,91.36208763166272,8347.031056415617,0,0,0,1,1,0,0,0,1.0,63.56811697574893,127.1088119871566,0.0363636363636363,0,0,0,0,0,0,2803,356286,2805,102,-1,6228,2803,0,0.0,0.0,0.0,0.0,0.0,0.0,0.0,0.0,BENIGN
192.168.0.141,192.168.0.142,6,119965817,2802,2804,356286.0,102.0,1122.0,102.0,127.15417558886524,93.1213337022402,102.0,0.0,0.0363766048502138,1.926243415231266,2970.746241823202,46.729978090342186,21403.357181088257,33201.79125719666,460827.0,-41.0,119921285.0,42813.73973580858,35986.12970830996,460859.0,0.0,119965817.0,42799.07848733506,35980.55492392221,460875.0,8.0,0,1,0,0,89664,89728,23.35665333734192,23.373324753000265,0.0,1122.0,63.57945425361143,91.51256457086347,8374.549474336456,0,0,0,1,1,0,0,0,1.0,63.59079557616839,127.1541755888651,0.0363766048502139,0,0,0,0,0,0,2802,356286,2804,102,-1,6219,2802,0,0.0,0.0,0.0,0.0,0.0,0.0,0.0,0.0,BENIGN
192.168.0.142,192.168.0.141,6,119999531,1149,1149,62244.0,0.0,208.0,52.0,54.17232375979111,12.840005803656991,0.0,0.0,0.0,0.0,518.7020272604232,19.150074844875853,52241.85067479327,46652.59053585721,377989.0,1.0,119901651.0,104443.9468641116,28009.16896829449,377989.0,11470.0,119999531.0,104529.20818815316,46965.99005130101,510018.0,1.0,0,0,0,0,36768,36780,9.575037422437926,9.575037422437926,0.0,208.0,27.074380165289256,28.571671602938014,816.3404181861347,0,0,0,0,1,0,0,0,1.0,27.08616187989556,54.17232375979112,0.0,0,0,0,0,0,0,1149,62244,1149,0,-1,877,1149,0,0.0,0.0,0.0,0.0,0.0,0.0,0.0,0.0,BENIGN
192.168.0.141,192.168.0.142,6,119949121,1454,1388,2266821.0,1897.0,2896.0,356.0,1559.024071526822,543.2199392323118,1897.0,0.0,1.3667146974063402,50.91814785496253,18914.0027128669,23.693379128639048,42220.73952833503,54301.43745125887,345713.0,-276.0,119850990.0,82485.196145905,50518.3172890352,345831.0,0.0,119949121.0,86480.98125450623,48176.25427988112,345782.0,6.0,0,1,0,0,46528,45340,12.121806211485284,11.571572917153764,0.0,2896.0,798.668659866339,871.0932500851924,758803.4503439835,0,0,0,1,1,0,0,0,0.0,798.9496833216045,1559.0240715268226,1.36671469740634,0,0,0,0,0,0,1454,2266821,1388,1897,-1,477,1454,0,0.0,0.0,0.0,0.0,0.0,0.0,0.0,0.0,BENIGN
192.168.0.141,192.168.0.142,6,119945169,1462,1414,2266829.0,1897.0,2896.0,356.0,1550.4986320109422,548.2178665682871,1897.0,0.0,1.341584158415842,50.44784582630709,18914.69259591439,23.97762264189231,41720.05878260872,54644.23948017215,339381.0,-293.0,119845118.0,82029.51266256,51380.98416635709,339434.0,0.0,119945169.0,84886.88535031842,49792.54826188128,339458.0,4.0,0,1,0,0,46784,46172,12.188902747721334,11.788719894170976,0.0,2896.0,789.2328814737577,868.4220703095759,754156.8922007701,0,0,0,1,1,0,0,0,0.0,789.5073018080668,1550.498632010944,1.3415841584158417,0,0,0,0,0,0,1462,2266829,1414,1897,-1,477,1462,0,0.0,0.0,0.0,0.0,0.0,0.0,0.0,0.0,BENIGN
